Date,Open,High,Low,Close,Adj Close,Volume,Daily Return
2020-01-02,74.05999755859375,75.1500015258789,73.79750061035156,75.0875015258789,72.96046447753906,135480400,
2020-01-03,74.2874984741211,75.1449966430664,74.125,74.35749816894531,72.25113677978516,146322800,-0.009722083087509326
2020-01-06,73.44750213623047,74.98999786376953,73.1875,74.94999694824219,72.82685852050781,118387200,0.007968341625923525
2020-01-07,74.95999908447266,75.2249984741211,74.37000274658203,74.59750366210938,72.48434448242188,108872000,-0.004703128008597068
2020-01-08,74.29000091552734,76.11000061035156,74.29000091552734,75.79750061035156,73.65036010742188,132079200,0.016086447816090477
2020-01-09,76.80999755859375,77.60749816894531,76.55000305175781,77.40750122070312,75.21473693847656,170108400,0.021240586315844023
2020-01-10,77.6500015258789,78.1675033569336,77.0625,77.5824966430664,75.38477325439453,140644800,0.0022606781973730783
2020-01-13,77.91000366210938,79.26750183105469,77.7874984741211,79.23999786376953,76.99533081054688,121532000,0.021364494268853562
2020-01-14,79.17500305175781,79.39250183105469,78.0425033569336,78.16999816894531,75.95565032958984,161954400,-0.01350316272444163
2020-01-15,77.9625015258789,78.875,77.38749694824219,77.83499908447266,75.63013458251953,121923600,-0.004285602791337051
2020-01-16,78.39749908447266,78.92500305175781,78.02249908447266,78.80999755859375,76.5775146484375,108829200,0.012526489224798265
2020-01-17,79.06749725341797,79.68499755859375,78.75,79.68250274658203,77.42529296875,137816400,0.011070851857814867
2020-01-21,79.29750061035156,79.75499725341797,79.0,79.14250183105469,76.90060424804688,110843200,-0.006776709529725644
2020-01-22,79.6449966430664,79.99749755859375,79.32749938964844,79.42500305175781,77.17507934570312,101832400,0.003569218998213719
2020-01-23,79.4800033569336,79.88999938964844,78.9124984741211,79.80750274658203,77.5467529296875,104472000,0.004815979291961314
2020-01-24,80.0625,80.8324966430664,79.37999725341797,79.57749938964844,77.32328033447266,146537600,-0.002881778885280628
2020-01-27,77.51499938964844,77.94249725341797,76.22000122070312,77.23750305175781,75.04955291748047,161940000,-0.029405470217466978
2020-01-28,78.1500015258789,79.5999984741211,78.04750061035156,79.42250061035156,77.17266845703125,162234000,0.028289516153217065
2020-01-29,81.11250305175781,81.9625015258789,80.34500122070312,81.08499908447266,78.78807067871094,216229200,0.02093231002604412
2020-01-30,80.13500213623047,81.02249908447266,79.6875,80.96749877929688,78.67391204833984,126743200,-0.0014489329334719248
2020-01-31,80.23249816894531,80.66999816894531,77.07250213623047,77.37750244140625,75.18557739257812,199588400,-0.044339153411087184
2020-02-03,76.07499694824219,78.37249755859375,75.55500030517578,77.16500091552734,74.97913360595703,173788400,-0.002745789734953541
2020-02-04,78.82749938964844,79.91000366210938,78.40750122070312,79.7125015258789,77.4544448852539,136616400,0.033013335314136194
2020-02-05,80.87999725341797,81.19000244140625,79.73750305175781,80.36250305175781,78.08602905273438,118826800,0.00815426627117577
2020-02-06,80.64250183105469,81.30500030517578,80.06500244140625,81.30249786376953,78.99940490722656,105425600,0.01169704575290087
2020-02-07,80.59249877929688,80.8499984741211,79.5,80.00749969482422,77.92559814453125,117684000,-0.013592593057584978
2020-02-10,78.54499816894531,80.38749694824219,78.4625015258789,80.38749694824219,78.29569244384766,109348800,0.0047493289513156345
2020-02-11,80.9000015258789,80.9749984741211,79.67749786376953,79.90249633789062,77.82331848144531,94323200,-0.006033204990697594
2020-02-12,80.36750030517578,81.80500030517578,80.36750030517578,81.80000305175781,79.67144012451172,113730400,0.023747659173735114
2020-02-13,81.04750061035156,81.55500030517578,80.8375015258789,81.21749877929688,79.1041030883789,94747600,-0.007120958718032089
2020-02-14,81.18499755859375,81.49500274658203,80.7125015258789,81.23750305175781,79.12360382080078,80113600,0.0002465198600392071
2020-02-18,78.83999633789062,79.9375,78.65249633789062,79.75,77.6748046875,152531200,-0.018310580703351453
2020-02-19,80.0,81.14250183105469,80.0,80.90499877929688,78.79972839355469,93984000,0.01448247872113062
2020-02-20,80.65750122070312,81.1624984741211,79.55249786376953,80.07499694824219,77.99132537841797,100566000,-0.010258956872278291
2020-02-21,79.65499877929688,80.11250305175781,77.625,78.26249694824219,76.22601318359375,129554000,-0.022634724903812464
2020-02-24,74.31500244140625,76.04499816894531,72.30750274658203,74.54499816894531,72.60523223876953,222195200,-0.047500594529368945
2020-02-25,75.23750305175781,75.63249969482422,71.53250122070312,72.0199966430664,70.14593505859375,230673600,-0.03387217565929879
2020-02-26,71.63249969482422,74.47000122070312,71.625,73.1624984741211,71.25870513916016,198054800,0.015863643126816873
2020-02-27,70.2750015258789,71.5,68.23999786376953,68.37999725341797,66.60065460205078,320605600,-0.06536816137779566
2020-02-28,64.31500244140625,69.60250091552734,64.09249877929688,68.33999633789062,66.56169891357422,426510000,-0.000584914498353295
2020-03-02,70.56999969482422,75.36000061035156,69.43000030517578,74.70249938964844,72.75863647460938,341397200,0.09310065190916261
2020-03-03,75.9175033569336,76.0,71.44999694824219,72.33000183105469,70.44786834716797,319475600,-0.03175936547749625
2020-03-04,74.11000061035156,75.8499984741211,73.28250122070312,75.68499755859375,73.715576171875,219178400,0.04638476509471845
2020-03-05,73.87999725341797,74.88749694824219,72.85250091552734,73.2300033569336,71.324462890625,187572800,-0.03243701542364519
2020-03-06,70.5,72.70500183105469,70.30750274658203,72.25749969482422,70.37725067138672,226176800,-0.013280327405911452
2020-03-09,65.9375,69.52249908447266,65.75,66.5425033569336,64.81098175048828,286744800,-0.07909187795483907
2020-03-10,69.28500366210938,71.61000061035156,67.34249877929688,71.33499908447266,69.47877502441406,285290000,0.07202164120728827
2020-03-11,69.34750366210938,70.30500030517578,67.96499633789062,68.85749816894531,67.06572723388672,255598800,-0.034730718693290474
2020-03-12,63.98500061035156,67.5,62.0,62.057498931884766,60.44267654418945,418474000,-0.09875462420022485
2020-03-13,66.22250366210938,69.9800033569336,63.23749923706055,69.49250030517578,67.68421936035156,370732000,0.11980844049597694
2020-03-16,60.48749923706055,64.7699966430664,60.0,60.5525016784668,58.97683334350586,322423600,-0.1286472105187101
2020-03-17,61.87749862670898,64.40249633789062,59.59999847412109,63.21500015258789,61.57005310058594,324056000,0.04397014234345331
2020-03-18,59.942501068115234,62.5,59.27999877929688,61.66749954223633,60.06283187866211,300233600,-0.024479777846894257
2020-03-19,61.84749984741211,63.209999084472656,60.65250015258789,61.19499969482422,59.60261917114258,271857200,-0.007662187964251221
2020-03-20,61.79499816894531,62.95750045776367,57.0,57.310001373291016,55.8187141418457,401693200,-0.06348554949291396
2020-03-23,57.02000045776367,57.125,53.15250015258789,56.09249877929688,54.63289642333984,336752800,-0.021244088774465153
2020-03-24,59.09000015258789,61.92250061035156,58.57500076293945,61.720001220703125,60.11396026611328,287531200,0.10032533879041905
2020-03-25,62.6875,64.5625,61.07500076293945,61.380001068115234,59.782806396484375,303602000,-0.005508768149077969
2020-03-26,61.630001068115234,64.66999816894531,61.59000015258789,64.61000061035156,62.928749084472656,252087200,0.052622867302751564
2020-03-27,63.1875,63.96749877929688,61.76250076293945,61.935001373291016,60.3233642578125,204216800,-0.0414021391584124
2020-03-30,62.685001373291016,63.880001068115234,62.34999847412109,63.70249938964844,62.04486846923828,167976400,0.02853793439086627
2020-03-31,63.900001525878906,65.62249755859375,63.0,63.5724983215332,61.91825485229492,197002000,-0.002040678303736554
2020-04-01,61.625,62.18000030517578,59.782501220703125,60.227500915527344,58.66029357910156,176218400,-0.052617136593484104
2020-04-02,60.084999084472656,61.28749847412109,59.22499847412109,61.23249816894531,59.63914108276367,165934000,0.016686713344558513
2020-04-03,60.70000076293945,61.42499923706055,59.74250030517578,60.352500915527344,58.78204727172852,129880000,-0.01437133056369344
2020-04-06,62.72499847412109,65.77749633789062,62.345001220703125,65.61750030517578,63.91004943847656,201820400,0.08723755644377462
2020-04-07,67.69999694824219,67.92500305175781,64.75,64.85749816894531,63.16981887817383,202887200,-0.011582381281293186
2020-04-08,65.68499755859375,66.84249877929688,65.30750274658203,66.51750183105469,64.78661346435547,168895200,0.02559441541695273
2020-04-09,67.17500305175781,67.51750183105469,66.17500305175781,66.99749755859375,65.25411987304688,161834800,0.00721609579035376
2020-04-13,67.07749938964844,68.42500305175781,66.4574966430664,68.3125,66.53491973876953,131022800,0.019627877415471673
2020-04-14,70.0,72.0625,69.51249694824219,71.76249694824219,69.89515686035156,194994800,0.050503361765146026
2020-04-15,70.5999984741211,71.5824966430664,70.15750122070312,71.10749816894531,69.25716400146484,131154400,-0.009127855026656695
2020-04-16,71.84500122070312,72.05000305175781,70.5875015258789,71.67250061035156,69.80748748779297,157125200,0.007946087516902622
2020-04-17,71.17250061035156,71.73750305175781,69.21499633789062,70.69999694824219,68.86028289794922,215250000,-0.013568810795681285
2020-04-20,69.48750305175781,70.41999816894531,69.2125015258789,69.23249816894531,67.43096160888672,130015200,-0.020756831498655814
2020-04-21,69.06999969482422,69.3125,66.35749816894531,67.09249877929688,65.3466567993164,180991600,-0.030910204449696277
2020-04-22,68.40249633789062,69.4749984741211,68.05000305175781,69.0250015258789,67.22887420654297,116862400,0.028803576179986745
2020-04-23,68.96749877929688,70.4375,68.71749877929688,68.75749969482422,66.96833801269531,124814400,-0.0038753615455053847
2020-04-24,69.30000305175781,70.75250244140625,69.25,70.74250030517578,68.90167999267578,126161200,0.028869493216540087
2020-04-27,70.44999694824219,71.13500213623047,69.98750305175781,70.7925033569336,68.95038604736328,117087600,0.0007068921206663248
2020-04-28,71.2699966430664,71.4574966430664,69.55000305175781,69.6449966430664,67.83272552490234,112004800,-0.016209634006881357
2020-04-29,71.18250274658203,72.4175033569336,70.97250366210938,71.93250274658203,70.06071472167969,137280800,0.032845343888760814
2020-04-30,72.48999786376953,73.63249969482422,72.0875015258789,73.44999694824219,71.53871154785156,183064000,0.021095942741139684
2020-05-01,71.5625,74.75,71.4625015258789,72.26750183105469,70.38700103759766,240616800,-0.016099122913103336
2020-05-04,72.2925033569336,73.42250061035156,71.58000183105469,73.29000091552734,71.38290405273438,133568000,0.014148962172784607
2020-05-05,73.76499938964844,75.25,73.61499786376953,74.38999938964844,72.45426177978516,147751200,0.015008603828436495
2020-05-06,75.11499786376953,75.80999755859375,74.71749877929688,75.15750122070312,73.20179748535156,142333600,0.010317346243047032
2020-05-07,75.80500030517578,76.2925033569336,75.49250030517578,75.93499755859375,73.95905303955078,115215200,0.010344767208083194
2020-05-08,76.41000366210938,77.5875015258789,76.07250213623047,77.53250122070312,75.71941375732422,133838400,0.023801828788046597
2020-05-11,77.0250015258789,79.26249694824219,76.80999755859375,78.75250244140625,76.910888671875,145946400,0.01573539539502211
2020-05-12,79.4574966430664,79.92250061035156,77.72750091552734,77.85250091552734,76.03192901611328,162301200,-0.011428286305618207
2020-05-13,78.0374984741211,78.98750305175781,75.80249786376953,76.9124984741211,75.1139144897461,200622400,-0.012074065964742697
2020-05-14,76.12750244140625,77.44750213623047,75.38249969482422,77.38500213623047,75.57536315917969,158929200,0.0061433180865122505
2020-05-15,75.0875015258789,76.9749984741211,75.05249786376953,76.92749786376953,75.12857055664062,166348400,-0.0059118816484945436
2020-05-18,78.2925033569336,79.125,77.58000183105469,78.73999786376953,76.89866638183594,135178400,0.023560887849727097
2020-05-19,78.75749969482422,79.62999725341797,78.25250244140625,78.28500366210938,76.454345703125,101729600,-0.005778002397397786
2020-05-20,79.16999816894531,79.87999725341797,79.12999725341797,79.80750274658203,77.94122314453125,111504800,0.019447912708322024
2020-05-21,79.66500091552734,80.22250366210938,78.96749877929688,79.2125015258789,77.3601303100586,102688800,-0.007455526241807897
2020-05-22,78.94249725341797,79.80750274658203,78.8375015258789,79.72250366210938,77.85820007324219,81803200,0.006438326321159593
2020-05-26,80.875,81.05999755859375,79.125,79.18250274658203,77.3308334350586,125522000,-0.0067734244779290576
2020-05-27,79.03500366210938,79.67749786376953,78.27249908447266,79.52749633789062,77.66776275634766,112945200,0.004356985516934975
2020-05-28,79.19249725341797,80.86000061035156,78.90750122070312,79.5625,77.70193481445312,133560800,0.00043997737146961313
2020-05-29,79.8125,80.2874984741211,79.11750030517578,79.48500061035156,77.62625122070312,153532400,-0.0009740245713407703
2020-06-01,79.4375,80.5875015258789,79.30249786376953,80.4625015258789,78.58087921142578,80791200,0.012297746905341356
2020-06-02,80.1875,80.86000061035156,79.73249816894531,80.83499908447266,78.9446792602539,87642800,0.004629625584225083
2020-06-03,81.16500091552734,81.55000305175781,80.57499694824219,81.27999877929688,79.37928009033203,104491200,0.005505131367313565
2020-06-04,81.09750366210938,81.40499877929688,80.19499969482422,80.58000183105469,78.6956558227539,87560400,-0.008612124811413935
2020-06-05,80.8375015258789,82.9375,80.80750274658203,82.875,80.93698120117188,137250400,0.028480928902430147
2020-06-08,82.5625,83.4000015258789,81.83000183105469,83.36499786376953,81.41551971435547,95654400,0.0059124828487755465
2020-06-09,83.03500366210938,86.40249633789062,83.00250244140625,85.99749755859375,83.98644256591797,147712400,0.03157779819600148
2020-06-10,86.9749984741211,88.69249725341797,86.52249908447266,88.20999908447266,86.147216796875,166651600,0.02572765514221076
2020-06-11,87.32749938964844,87.76499938964844,83.87000274658203,83.9749984741211,82.01127624511719,201662400,-0.048010147112586
2020-06-12,86.18000030517578,86.94999694824219,83.55500030517578,84.69999694824219,82.71929931640625,200146000,0.008633240496988659
2020-06-15,83.3125,86.41999816894531,83.1449966430664,85.74749755859375,83.7423095703125,138808800,0.012367249993174845
2020-06-16,87.86499786376953,88.30000305175781,86.18000030517578,88.0199966430664,85.9616470336914,165428800,0.026501985373540204
2020-06-17,88.7874984741211,88.8499984741211,87.77249908447266,87.89749908447266,85.84202575683594,114406400,-0.0013915656689149625
2020-06-18,87.85250091552734,88.36250305175781,87.30500030517578,87.93250274658203,85.87623596191406,96820400,0.00039852513703531045
2020-06-19,88.66000366210938,89.13999938964844,86.2874984741211,87.43000030517578,85.38546752929688,264476000,-0.005714833994760138
2020-06-22,87.83499908447266,89.86499786376953,87.7874984741211,89.71749877929688,87.61946868896484,135445200,0.026163716429864925
2020-06-23,91.0,93.09500122070312,90.56749725341795,91.63249969482422,89.48968505859375,212155600,0.021344758164054678
2020-06-24,91.25,92.19750213623048,89.62999725341797,90.01499938964844,87.91000366210938,192623200,-0.01765210588739996
2020-06-25,90.1750030517578,91.25,89.39250183105469,91.20999908447266,89.07707214355469,137522400,0.01327571872174027
2020-06-26,91.10250091552734,91.33000183105467,88.25499725341797,88.40750122070312,86.3401107788086,205256800,-0.030725767011462457
2020-06-29,88.3125,90.5425033569336,87.81999969482422,90.44499969482422,88.3299560546875,130646000,0.023046591647034376
2020-06-30,90.0199966430664,91.49500274658205,90.0,91.1999969482422,89.06729125976562,140223200,0.00834751015410462
2020-07-01,91.27999877929688,91.83999633789062,90.97750091552734,91.02749633789062,88.8988265991211,110737200,-0.0018914312792246424
2020-07-02,91.9625015258789,92.61750030517578,90.91000366210938,91.02749633789062,88.8988265991211,114041600,0.0
2020-07-06,92.5,93.94499969482422,92.46749877929688,93.4625015258789,91.27688598632812,118655600,0.026750177456566604
2020-07-07,93.85250091552734,94.65499877929688,93.05750274658205,93.17250061035156,90.9936752319336,112424400,-0.0031027652985110565
2020-07-08,94.18000030517578,95.375,94.08999633789062,95.34249877929688,93.1129379272461,117092000,0.023290219786273214
2020-07-09,96.2624969482422,96.31749725341795,94.67250061035156,95.75250244140624,93.51334381103516,125642800,0.004300217485371682
2020-07-10,95.33499908447266,95.9800033569336,94.70500183105467,95.91999816894533,93.67691040039062,90257200,0.0017491256615311812
2020-07-13,97.26499938964844,99.95500183105467,95.25749969482422,95.47750091552734,93.24478149414062,191649200,-0.00461297137579586
2020-07-14,94.83999633789062,97.25499725341795,93.87750244140624,97.05750274658205,94.78783416748048,170989200,0.016548407842392976
2020-07-15,98.98999786376952,99.24749755859376,96.48999786376952,97.7249984741211,95.4397201538086,153198000,0.006877317031807051
2020-07-16,96.5625,97.40499877929688,95.90499877929688,96.52249908447266,94.26532745361328,110577600,-0.01230507275485182
2020-07-17,96.9875030517578,97.14749908447266,95.83999633789062,96.32749938964844,94.07489013671876,92186800,-0.0020202265460567137
2020-07-20,96.4175033569336,98.5,96.0625,98.35749816894533,96.05742645263672,90318000,0.021074022122552938
2020-07-21,99.17250061035156,99.25,96.74250030517578,97.0,94.73165130615234,103433200,-0.013801901585798526
2020-07-22,96.69249725341795,97.9749984741211,96.60250091552734,97.27249908447266,94.997802734375,89001600,0.002809530125918558
2020-07-23,96.99749755859376,97.07749938964844,92.01000213623048,92.84500122070312,90.67383575439452,197004400,-0.04551649465062679
2020-07-24,90.9875030517578,92.97000122070312,89.1449966430664,92.61499786376952,90.44921112060548,185438800,-0.0024772816978589907
2020-07-27,93.70999908447266,94.90499877929688,93.4800033569336,94.80999755859376,92.5928955078125,121214000,0.023700421050091958
2020-07-28,94.36750030517578,94.5500030517578,93.24749755859376,93.25250244140624,91.07180786132812,103625600,-0.016427692839090846
2020-07-29,93.75,95.2300033569336,93.7125015258789,95.04000091552734,92.81749725341795,90329200,0.01916827427811607
2020-07-30,94.1875,96.29750061035156,93.76750183105467,96.19000244140624,93.94060516357422,158130000,0.012100174464841018
2020-07-31,102.88500213623048,106.41500091552734,100.8249969482422,106.26000213623048,103.77513122558594,374336800,0.10468876632088264
2020-08-03,108.1999969482422,111.6374969482422,107.89250183105467,108.9375,106.39002990722656,308151200,0.025197739099518612
2020-08-04,109.13249969482422,110.79000091552734,108.3874969482422,109.66500091552734,107.10050201416016,173071600,0.00667799518012302
2020-08-05,109.37750244140624,110.39250183105467,108.89749908447266,110.0625,107.48871612548828,121776800,0.003624764627870647
2020-08-06,110.40499877929688,114.4124984741211,109.79750061035156,113.90249633789062,111.23888397216795,202428800,0.034888944457216464
2020-08-07,113.20500183105467,113.6750030517578,110.2925033569336,111.1125030517578,108.70980072021484,198045600,-0.02273560432866162
2020-08-10,112.5999984741211,113.7750015258789,110.0,112.72750091552734,110.28987884521484,212403600,0.014534826800636225
2020-08-11,111.97000122070312,112.48249816894533,109.10749816894533,109.375,107.0098876953125,187902400,-0.029739729377213364
2020-08-12,110.49749755859376,113.2750015258789,110.29750061035156,113.01000213623048,110.56626892089844,165598000,0.03323413660345076
2020-08-13,114.43000030517578,116.0425033569336,113.92749786376952,115.01000213623048,112.52301025390624,210082000,0.017697452867905694
2020-08-14,114.83000183105467,115.0,113.04499816894533,114.90750122070312,112.42272186279295,165565200,-0.0008912700690016928
2020-08-17,116.0625,116.0875015258789,113.9625015258789,114.60749816894533,112.12921142578124,119561600,-0.0026107750475027336
2020-08-18,114.35250091552734,116.0,114.00749969482422,115.5625,113.06356048583984,105633600,0.008332789004558805
2020-08-19,115.98249816894533,117.1624984741211,115.61000061035156,115.7074966430664,113.20542907714844,145538000,0.0012547684744668164
2020-08-20,115.75,118.39250183105467,115.73249816894533,118.2750015258789,115.7174072265625,126907200,0.02218955548238033
2020-08-21,119.2624969482422,124.86750030517578,119.25,124.37000274658205,121.68061065673828,338054800,0.05153246666251743
2020-08-24,128.69749450683594,128.78500366210938,123.9375,125.85749816894533,123.13595581054688,345937600,0.011960370234450401
2020-08-25,124.69750213623048,125.18000030517578,123.05249786376952,124.8249969482422,122.12580108642578,211495600,-0.008203572364154033
2020-08-26,126.18000030517578,126.99250030517578,125.0824966430664,126.52249908447266,123.78656768798828,163022400,0.013598818487071451
2020-08-27,127.14250183105467,127.48500061035156,123.8324966430664,125.01000213623048,122.3067855834961,155552400,-0.011954302733573452
2020-08-28,126.0124969482422,126.44249725341795,124.57749938964844,124.80750274658205,122.1086654663086,187630000,-0.001619862023536256
2020-08-31,127.58000183105467,131.0,126.0,129.0399932861328,126.2496337890625,225702700,0.03391215772394518
2020-09-01,132.75999450683594,134.8000030517578,130.52999877929688,134.17999267578125,131.2784881591797,151948100,0.039832625404041755
2020-09-02,137.58999633789062,137.97999572753906,127.0,131.39999389648438,128.55859375,200119000,-0.020718508015431403
2020-09-03,126.91000366210938,128.83999633789062,120.5,120.87999725341795,118.26607513427734,257599600,-0.08006091475874333
2020-09-04,120.06999969482422,123.6999969482422,110.88999938964844,120.95999908447266,118.34435272216795,332607200,0.0006618769397879198
2020-09-08,113.9499969482422,118.98999786376952,112.68000030517578,112.81999969482422,110.38037109375,231366600,-0.06729498658135935
2020-09-09,117.26000213623048,119.13999938964844,115.26000213623048,117.31999969482422,114.78306579589844,176940500,0.03988657275313079
2020-09-10,120.36000061035156,120.5,112.5,113.48999786376952,111.035888671875,182274400,-0.03264573130226789
2020-09-11,114.56999969482422,115.2300033569336,110.0,112.0,109.57810974121094,180860300,-0.013128898666015854
2020-09-14,114.72000122070312,115.93000030517578,112.8000030517578,115.36000061035156,112.8654556274414,140150100,0.03000002367255794
2020-09-15,118.33000183105467,118.83000183105467,113.61000061035156,115.54000091552734,113.04156494140624,184642000,0.0015603473444181226
2020-09-16,115.2300033569336,116.0,112.04000091552734,112.12999725341795,109.7052993774414,154679000,-0.029513617983740303
2020-09-17,109.72000122070312,112.1999969482422,108.70999908447266,110.33999633789062,107.9540023803711,178011000,-0.01596364995135713
2020-09-18,110.4000015258789,110.87999725341795,106.08999633789062,106.83999633789062,104.52967834472656,287104900,-0.031720213796048835
2020-09-21,104.54000091552734,110.19000244140624,103.0999984741211,110.08000183105467,107.69963073730467,195713800,0.03032586001196691
2020-09-22,112.68000030517578,112.86000061035156,109.16000366210938,111.80999755859376,109.39222717285156,183055400,0.015715898225086677
2020-09-23,111.62000274658205,112.11000061035156,106.7699966430664,107.12000274658205,104.80364227294922,150718700,-0.0419461694719121
2020-09-24,105.16999816894533,110.25,105.0,108.22000122070312,105.8798599243164,167743300,0.010268895508080744
2020-09-25,108.43000030517578,112.44000244140624,107.66999816894533,112.27999877929688,109.85205841064452,149981400,0.03751609124877442
2020-09-28,115.01000213623048,115.31999969482422,112.77999877929688,114.95999908447266,112.47410583496094,137672400,0.023868896607424306
2020-09-29,114.5500030517578,115.30999755859376,113.56999969482422,114.08999633789062,111.62290954589844,99382200,-0.00756793114951726
2020-09-30,113.79000091552734,117.26000213623048,113.62000274658205,115.80999755859376,113.30572509765624,142675200,0.015075897578765707
2020-10-01,117.63999938964844,117.72000122070312,115.83000183105467,116.79000091552734,114.26453399658205,116120400,0.008462139914813926
2020-10-02,112.88999938964844,115.37000274658205,112.22000122070312,113.0199966430664,110.57604217529295,144712000,-0.032280285861923
2020-10-05,113.91000366210938,116.6500015258789,113.5500030517578,116.5,113.98079681396484,106243800,0.030791069852856845
2020-10-06,115.6999969482422,116.12000274658205,112.25,113.16000366210938,110.7130355834961,161498200,-0.02866940152912134
2020-10-07,114.62000274658205,115.5500030517578,114.12999725341795,115.08000183105467,112.59151458740234,96849000,0.0169670987161179
2020-10-08,116.25,116.4000015258789,114.58999633789062,114.97000122070312,112.48389434814452,83477200,-0.0009558468029514655
2020-10-09,115.27999877929688,117.0,114.91999816894533,116.97000122070312,114.44064331054688,100506900,0.017395814518530894
2020-10-12,120.05999755859376,125.18000030517578,119.27999877929688,124.4000015258789,121.70996856689452,240226800,0.06352048578249914
2020-10-13,125.2699966430664,125.38999938964844,119.6500015258789,121.0999984741211,118.48131561279295,262330500,-0.026527432322250744
2020-10-14,121.0,123.02999877929688,119.62000274658205,121.19000244140624,118.56938934326172,150712000,0.000743355439743798
2020-10-15,118.72000122070312,121.1999969482422,118.1500015258789,120.70999908447266,118.09976196289062,112559200,-0.003960780965241439
2020-10-16,121.27999877929688,121.5500030517578,118.80999755859376,119.0199966430664,116.4463119506836,115393800,-0.0140004516920752
2020-10-19,119.95999908447266,120.41999816894533,115.66000366210938,115.9800033569336,113.4720458984375,120639300,-0.025541951500411053
2020-10-20,116.1999969482422,118.9800033569336,115.62999725341795,117.51000213623048,114.96895599365234,124423700,0.01319188425098683
2020-10-21,116.66999816894533,118.70999908447266,116.4499969482422,116.87000274658205,114.34280395507812,89946000,-0.0054462705446224335
2020-10-22,117.4499969482422,118.04000091552734,114.58999633789062,115.75,113.24701690673828,101988000,-0.009583349458268886
2020-10-23,116.38999938964844,116.5500030517578,114.27999877929688,115.04000091552734,112.5523681640625,82572600,-0.006133925304609544
2020-10-26,114.01000213623048,116.5500030517578,112.87999725341795,115.0500030517578,112.56216430664062,111850700,8.703630796857986e-05
2020-10-27,115.48999786376952,117.27999877929688,114.54000091552734,116.5999984741211,114.07865142822266,92276800,0.013472441036677552
2020-10-28,115.0500030517578,115.43000030517578,111.0999984741211,111.1999969482422,108.79541778564452,143937800,-0.04631220282177251
2020-10-29,112.37000274658205,116.93000030517578,112.1999969482422,115.31999969482422,112.8263168334961,146129200,0.03705026489069141
2020-10-30,111.05999755859376,111.98999786376952,107.72000122070312,108.86000061035156,106.5060043334961,190272600,-0.05601806987395708
2020-11-02,109.11000061035156,110.68000030517578,107.31999969482422,108.7699966430664,106.4179458618164,122866900,-0.0008267934961108114
2020-11-03,109.66000366210938,111.48999786376952,108.7300033569336,110.44000244140624,108.0518569946289,107624400,0.015353718017956597
2020-11-04,114.13999938964844,115.58999633789062,112.3499984741211,114.9499969482422,112.46431732177734,138235500,0.040836506191353816
2020-11-05,117.9499969482422,119.62000274658205,116.87000274658205,119.02999877929688,116.45610809326172,126387100,0.035493842549750854
2020-11-06,118.31999969482422,119.1999969482422,116.12999725341795,118.69000244140624,116.32379913330078,114457900,-0.0011361272682663959
2020-11-09,120.5,121.98999786376952,116.0500030517578,116.31999969482422,114.00103759765624,154515300,-0.019968068038964115
2020-11-10,115.5500030517578,117.58999633789062,114.12999725341795,115.97000122070312,113.65801239013672,138023400,-0.0030089656616122396
2020-11-11,117.19000244140624,119.62999725341795,116.44000244140624,119.48999786376952,117.10784149169922,112295000,0.03035271362762182
2020-11-12,119.62000274658205,120.52999877929688,118.56999969482422,119.20999908447266,116.83341979980467,103162300,-0.0023433246518679285
2020-11-13,119.44000244140624,119.66999816894533,117.87000274658205,119.26000213623048,116.88241577148438,81581900,0.0004193660663502907
2020-11-16,118.91999816894533,120.98999786376952,118.1500015258789,120.3000030517578,117.90169525146484,91183000,0.00872055452698084
2020-11-17,119.5500030517578,120.66999816894533,118.95999908447266,119.38999938964844,117.00984191894533,74271000,-0.007564380907478352
2020-11-18,118.61000061035156,119.81999969482422,118.0,118.02999877929688,115.67694854736328,76322100,-0.011391292815397192
2020-11-19,117.58999633789062,119.05999755859376,116.80999755859376,118.63999938964844,116.27478790283205,74113000,0.005168180549160795
2020-11-20,118.63999938964844,118.7699966430664,117.29000091552734,117.33999633789062,115.0007095336914,73604300,-0.010957477473150568
2020-11-23,117.18000030517578,117.62000274658205,113.75,113.8499984741211,111.58028411865234,127959300,-0.029742646188082755
2020-11-24,113.91000366210938,115.8499984741211,112.58999633789062,115.16999816894533,112.87396240234376,113874200,0.011594147603314564
2020-11-25,115.5500030517578,116.75,115.16999816894533,116.02999877929688,113.71681213378906,76499200,0.007467175896961331
2020-11-27,116.56999969482422,117.48999786376952,116.22000122070312,116.58999633789062,114.26564025878906,46691300,0.004826270757170903
2020-11-30,116.97000122070312,120.97000122070312,116.80999755859376,119.0500030517578,116.6766128540039,169410200,0.02109971632552421
2020-12-01,121.01000213623048,123.47000122070312,120.01000213623048,122.72000122070312,120.27344512939452,127728200,0.03082736280570031
2020-12-02,122.0199966430664,123.37000274658205,120.88999938964844,123.08000183105467,120.62628173828124,89004200,0.0029336202060823435
2020-12-03,123.5199966430664,123.77999877929688,122.20999908447266,122.94000244140624,120.48905181884766,78967600,-0.0011376452747778876
2020-12-04,122.5999984741211,122.86000061035156,121.5199966430664,122.25,119.81282806396484,78260400,-0.005612325308190669
2020-12-07,122.30999755859376,124.56999969482422,122.25,123.75,121.28290557861328,86712000,0.012269783948873902
2020-12-08,124.37000274658205,124.9800033569336,123.08999633789062,124.37999725341795,121.9003448486328,82225500,0.0050909010389703635
2020-12-09,124.52999877929688,125.9499969482422,121.0,121.77999877929688,119.35218811035156,115089200,-0.020903605657927815
2020-12-10,120.5,123.87000274658205,120.1500015258789,123.23999786376952,120.78307342529295,81312200,0.011988764827825404
2020-12-11,122.43000030517578,122.76000213623048,120.5500030517578,122.41000366210938,119.9696273803711,86939800,-0.006734768555338944
2020-12-14,122.5999984741211,123.3499984741211,121.54000091552734,121.77999877929688,119.35218811035156,79184500,-0.005146629888762577
2020-12-15,124.33999633789062,127.9000015258789,124.12999725341795,127.87999725341795,125.33057403564452,157243700,0.050090291765454875
2020-12-16,127.41000366210938,128.3699951171875,126.55999755859376,127.80999755859376,125.261962890625,98208600,-0.0005474414008508344
2020-12-17,128.89999389648438,129.5800018310547,128.0399932861328,128.6999969482422,126.1342315673828,94359800,0.006963555868268134
2020-12-18,128.9600067138672,129.10000610351562,126.12000274658205,126.66000366210938,124.1349105834961,192541500,-0.01585074058835989
2020-12-21,125.0199966430664,128.30999755859375,123.4499969482422,128.22999572753906,125.673583984375,121251600,0.012395170654623922
2020-12-22,131.61000061035156,134.41000366210938,129.64999389648438,131.8800048828125,129.25082397460938,168904800,0.028464533888674204
2020-12-23,132.16000366210938,132.42999267578125,130.77999877929688,130.9600067138672,128.3491668701172,88223700,-0.006976025968463584
2020-12-24,131.32000732421875,133.4600067138672,131.10000610351562,131.97000122070312,129.3390350341797,54930100,0.00771230689065705
2020-12-28,133.99000549316406,137.33999633789062,133.50999450683594,136.69000244140625,133.96493530273438,124486200,0.03576569337580282
2020-12-29,138.0500030517578,138.7899932861328,134.33999633789062,134.8699951171875,132.1811981201172,121047300,-0.013314955727678268
2020-12-30,135.5800018310547,135.99000549316406,133.39999389648438,133.72000122070312,131.05413818359375,96452100,-0.00852662823875483
2020-12-31,134.0800018310547,134.74000549316406,131.72000122070312,132.69000244140625,130.04469299316406,99116600,-0.007702505273168514
2021-01-04,133.52000427246094,133.61000061035156,126.76000213623048,129.41000366210938,126.8300552368164,143301900,-0.024719484373857847
2021-01-05,128.88999938964844,131.74000549316406,128.42999267578125,131.00999450683594,128.39817810058594,97664900,0.012363968941285552
2021-01-06,127.72000122070312,131.0500030517578,126.37999725341795,126.5999984741211,124.07609558105467,155088000,-0.03366155644471358
2021-01-07,128.36000061035156,131.6300048828125,127.86000061035156,130.9199981689453,128.30999755859375,109578200,0.03412343012335706
2021-01-08,132.42999267578125,132.6300048828125,130.22999572753906,132.0500030517578,129.4174346923828,105158200,0.00863094969106637
2021-01-11,129.19000244140625,130.1699981689453,128.5,128.97999572753906,126.40862274169922,100384500,-0.023248891911938685
2021-01-12,128.5,129.69000244140625,126.86000061035156,128.8000030517578,126.23224639892578,91951100,-0.001395287275092305
2021-01-13,128.75999450683594,131.4499969482422,128.49000549316406,130.88999938964844,128.28054809570312,88636800,0.01622645366148512
2021-01-14,130.8000030517578,131.0,128.75999450683594,128.91000366210938,126.34004974365234,90221800,-0.015126988314729362
2021-01-15,128.77999877929688,130.22000122070312,127.0,127.13999938964844,124.60533905029295,111598500,-0.01373048923820408
2021-01-19,127.77999877929688,128.7100067138672,126.94000244140624,127.83000183105467,125.28157806396484,90757300,0.00542704685710893
2021-01-20,128.66000366210938,132.49000549316406,128.5500030517578,132.02999877929688,129.3978271484375,104319500,0.03285598048877558
2021-01-21,133.8000030517578,139.6699981689453,133.58999633789062,136.8699951171875,134.14134216308594,120150900,0.03665838228648899
2021-01-22,136.27999877929688,139.85000610351562,135.02000427246094,139.07000732421875,136.29751586914062,114459400,0.016073893933708172
2021-01-25,143.07000732421875,145.08999633789062,136.5399932861328,142.9199981689453,140.07077026367188,157611700,0.027683955723404097
2021-01-26,143.60000610351562,144.3000030517578,141.3699951171875,143.16000366210938,140.30596923828125,98390600,0.0016791438653949164
2021-01-27,143.42999267578125,144.3000030517578,140.41000366210938,142.05999755859375,139.22787475585938,140843800,-0.007683881792591052
2021-01-28,139.52000427246094,141.99000549316406,136.6999969482422,137.08999633789062,134.35694885253906,142621100,-0.03498527799739559
2021-01-29,135.8300018310547,136.74000549316406,130.2100067138672,131.9600067138672,129.32923889160156,177523800,-0.03742054284408891
2021-02-01,133.75,135.3800048828125,130.92999267578125,134.13999938964844,131.46575927734375,106239800,0.016520010510020278
2021-02-02,135.72999572753906,136.30999755859375,134.61000061035156,134.99000549316406,132.29879760742188,83305400,0.006336542189063321
2021-02-03,135.75999450683594,135.77000427246094,133.61000061035156,133.94000244140625,131.2697296142578,89880900,-0.007778362402186545
2021-02-04,136.3000030517578,137.39999389648438,134.58999633789062,137.38999938964844,134.65098571777344,84183100,0.02575807928797902
2021-02-05,137.35000610351562,137.4199981689453,135.86000061035156,136.75999450683594,134.2338409423828,75693800,-0.0030979704542598574
2021-02-08,136.02999877929688,136.9600067138672,134.9199981689453,136.91000366210938,134.3810577392578,71297200,0.0010967189483774842
2021-02-09,136.6199951171875,137.8800048828125,135.85000610351562,136.00999450683594,133.4976806640625,76774200,-0.006573672584936352
2021-02-10,136.47999572753906,136.99000549316406,134.39999389648438,135.38999938964844,132.88914489746094,73046600,-0.004558399543531433
2021-02-11,135.89999389648438,136.38999938964844,133.77000427246094,135.1300048828125,132.63394165039062,64280000,-0.0019204220726021237
2021-02-12,134.35000610351562,135.52999877929688,133.69000244140625,135.3699951171875,132.8695068359375,60145100,0.0017760550777250472
2021-02-16,135.49000549316406,136.00999450683594,132.7899932861328,133.19000244140625,130.7297821044922,80576300,-0.016103956298169853
2021-02-17,131.25,132.22000122070312,129.47000122070312,130.83999633789062,128.42318725585938,97918500,-0.01764398908573983
2021-02-18,129.1999969482422,130.0,127.41000366210938,129.7100067138672,127.3140640258789,96856700,-0.008636471759346231
2021-02-19,130.24000549316406,130.7100067138672,128.8000030517578,129.8699951171875,127.47108459472656,87668800,0.0012333324684046243
2021-02-22,128.00999450683594,129.72000122070312,125.5999984741211,126.0,123.67257690429688,103916400,-0.029798975214703982
2021-02-23,123.76000213623048,126.70999908447266,118.38999938964844,125.86000061035156,123.53515625,158273000,-0.001111165124368818
2021-02-24,124.94000244140624,125.55999755859376,122.2300033569336,125.3499984741211,123.03459167480467,111039900,-0.004052000988142401
2021-02-25,124.68000030517578,126.45999908447266,120.54000091552734,120.98999786376952,118.75513458251952,148199500,-0.03478255207768133
2021-02-26,122.58999633789062,124.8499984741211,121.1999969482422,121.26000213623048,119.0201416015625,164560400,0.0022315415663887173
2021-03-01,123.75,127.93000030517578,122.79000091552734,127.79000091552734,125.42951202392578,116307900,0.053851140959146226
2021-03-02,128.41000366210938,128.72000122070312,125.01000213623048,125.12000274658205,122.80885314941406,102260900,-0.02089347899250238
2021-03-03,124.80999755859376,125.70999908447266,121.83999633789062,122.05999755859376,119.80535888671876,112966300,-0.024456659155029592
2021-03-04,121.75,123.5999984741211,118.62000274658205,120.12999725341795,117.91102600097656,178155000,-0.015811754193177374
2021-03-05,120.9800033569336,121.94000244140624,117.56999969482422,121.41999816894533,119.17717742919922,153766600,0.010738193629255433
2021-03-08,120.93000030517578,121.0,116.20999908447266,116.36000061035156,114.2106475830078,154376600,-0.04167349784015428
2021-03-09,119.02999877929688,122.05999755859376,118.79000091552734,121.08999633789062,118.853271484375,129525800,0.04064965920093355
2021-03-10,121.69000244140624,122.16999816894533,119.4499969482422,119.9800033569336,117.76380920410156,111943300,-0.009166447558969115
2021-03-11,122.54000091552734,123.20999908447266,121.26000213623048,121.95999908447266,119.70721435546876,103026500,0.016502566998312762
2021-03-12,120.4000015258789,121.16999816894533,119.16000366210938,121.02999877929688,118.79439544677734,88105100,-0.0076254293745472435
2021-03-15,121.41000366210938,124.0,120.41999816894533,123.98999786376952,121.69972229003906,92403800,0.024456766940350816
2021-03-16,125.6999969482422,127.22000122070312,124.72000122070312,125.56999969482422,123.2505340576172,115227900,0.012742935960709856
2021-03-17,124.0500030517578,125.86000061035156,122.33999633789062,124.76000213623048,122.45549774169922,111932600,-0.006450570960985225
2021-03-18,122.87999725341795,123.18000030517578,120.31999969482422,120.52999877929688,118.3036117553711,121229700,-0.03390526405834293
2021-03-19,119.9000015258789,121.43000030517578,119.68000030517578,119.98999786376952,117.77361297607422,185549500,-0.004479988154485137
2021-03-22,120.33000183105467,123.87000274658205,120.26000213623048,123.38999938964844,121.11080932617188,111912300,0.028335687984502922
2021-03-23,123.33000183105467,124.23999786376952,122.13999938964844,122.54000091552734,120.27649688720705,95467100,-0.006888835468995103
2021-03-24,122.81999969482422,122.9000015258789,120.06999969482422,120.08999633789062,117.87175750732422,88530500,-0.019993427162564803
2021-03-25,119.54000091552734,121.66000366210938,119.0,120.58999633789062,118.36251831054688,98844700,0.0041635147689400576
2021-03-26,120.3499984741211,121.4800033569336,118.91999816894533,121.20999908447266,118.97105407714844,94071200,0.005141287759736102
2021-03-29,121.6500015258789,122.58000183105467,120.7300033569336,121.38999938964844,119.14774322509766,80819200,0.0014851440068324173
2021-03-30,120.11000061035156,120.4000015258789,118.86000061035156,119.9000015258789,117.68526458740234,85671900,-0.01227449717559781
2021-03-31,121.6500015258789,123.5199966430664,121.1500015258789,122.1500015258789,119.89369201660156,118323800,0.0187655390582826
2021-04-01,123.66000366210938,124.18000030517578,122.48999786376952,123.0,120.72798919677734,75089100,0.006958641160706325
2021-04-05,123.87000274658205,126.16000366210938,123.06999969482422,125.9000015258789,123.5744400024414,88651200,0.023577389341129296
2021-04-06,126.5,127.12999725341795,125.6500015258789,126.20999908447266,123.87870025634766,80171300,0.00246216170512481
2021-04-07,125.83000183105467,127.91999816894533,125.13999938964844,127.9000015258789,125.5374984741211,83466700,0.013390503890828853
2021-04-08,128.9499969482422,130.38999938964844,128.52000427246094,130.36000061035156,127.9520492553711,88844600,0.019233701568043715
2021-04-09,129.8000030517578,133.0399932861328,129.47000122070312,133.0,130.5432586669922,106686700,0.020251410014148874
2021-04-12,132.52000427246094,132.85000610351562,130.6300048828125,131.24000549316406,128.81581115722656,91420000,-0.013232759220238588
2021-04-13,132.44000244140625,134.66000366210938,131.92999267578125,134.42999267578125,131.94688415527344,91266500,0.024306589151740443
2021-04-14,134.94000244140625,135.0,131.66000366210938,132.02999877929688,129.5911865234375,87222800,-0.017853378250779928
2021-04-15,133.82000732421875,135.0,133.63999938964844,134.5,132.0155792236328,89347100,0.018708006039877212
2021-04-16,134.3000030517578,134.6699981689453,133.27999877929688,134.16000366210938,131.68185424804688,84922400,-0.0025279211555827574
2021-04-19,133.50999450683594,135.47000122070312,133.33999633789062,134.83999633789062,132.3492889404297,94264200,0.005068539596394084
2021-04-20,135.02000427246094,135.52999877929688,131.80999755859375,133.11000061035156,130.65127563476562,94812300,-0.012829787898810174
2021-04-21,132.36000061035156,133.75,131.3000030517578,133.5,131.0340576171875,68847100,0.002929799043768444
2021-04-22,133.0399932861328,134.14999389648438,131.41000366210938,131.94000244140625,129.5028533935547,84566500,-0.011685543830949552
2021-04-23,132.16000366210938,135.1199951171875,132.16000366210938,134.32000732421875,131.83892822265625,78657500,0.018038790404118155
2021-04-26,134.8300018310547,135.05999755859375,133.55999755859375,134.72000122070312,132.23150634765625,66905100,0.0029777102278698564
2021-04-27,135.00999450683594,135.41000366210938,134.11000061035156,134.38999938964844,131.90760803222656,66015800,-0.0024494791322887677
2021-04-28,134.30999755859375,135.02000427246094,133.0800018310547,133.5800018310547,131.1125946044922,107760100,-0.006027047564535759
2021-04-29,136.47000122070312,137.07000732421875,132.4499969482422,133.47999572753906,131.01441955566406,151101000,-0.0007487842729698713
2021-04-30,131.77999877929688,133.55999755859375,131.07000732421875,131.4600067138672,129.03175354003906,109839500,-0.015133189326405616
2021-05-03,132.0399932861328,134.07000732421875,131.8300018310547,132.5399932861328,130.09178161621094,75135100,0.00821524971248988
2021-05-04,131.19000244140625,131.49000549316406,126.6999969482422,127.8499984741211,125.48841857910156,137564700,-0.03538550229629378
2021-05-05,129.1999969482422,130.4499969482422,127.97000122070312,128.10000610351562,125.73379516601562,84000900,0.0019553723737413264
2021-05-06,127.88999938964844,129.75,127.12999725341795,129.74000549316406,127.343505859375,78128300,0.0128025300694532
2021-05-07,130.85000610351562,131.25999450683594,129.47999572753906,130.2100067138672,128.0218963623047,78973300,0.005327248518497862
2021-05-10,129.41000366210938,129.5399932861328,126.80999755859376,126.8499984741211,124.71837615966795,88071200,-0.02580433735560128
2021-05-11,123.5,126.2699966430664,122.7699966430664,125.91000366210938,123.7941665649414,126142800,-0.0074103722577605335
2021-05-12,123.4000015258789,124.63999938964844,122.25,122.7699966430664,120.70693969726562,112172300,-0.024938387270907802
2021-05-13,124.58000183105467,126.1500015258789,124.26000213623048,124.97000122070312,122.86995697021484,105861300,0.017919576773084422
2021-05-14,126.25,127.88999938964844,125.8499984741211,127.4499969482422,125.30828094482422,81918000,0.019844753223120737
2021-05-17,126.81999969482422,126.93000030517578,125.16999816894533,126.2699966430664,124.14810943603516,74244600,-0.009258538223023804
2021-05-18,126.55999755859376,126.98999786376952,124.77999877929688,124.8499984741211,122.75196075439452,63342900,-0.011245831192942757
2021-05-19,123.16000366210938,124.91999816894533,122.86000061035156,124.69000244140624,122.59465789794922,92612000,-0.0012814691959180946
2021-05-20,125.2300033569336,127.72000122070312,125.0999984741211,127.30999755859376,125.1706314086914,76857100,0.021012118757136156
2021-05-21,127.81999969482422,128.0,125.20999908447266,125.43000030517578,123.32222747802734,79295400,-0.01476707363270291
2021-05-24,126.01000213623048,127.94000244140624,125.94000244140624,127.0999984741211,124.9641571044922,63092900,0.013314141822141634
2021-05-25,127.81999969482422,128.32000732421875,126.31999969482422,126.9000015258789,124.7675323486328,72009500,-0.0015734492226838759
2021-05-26,126.95999908447266,127.38999938964844,126.41999816894533,126.8499984741211,124.71837615966795,56575900,-0.0003939822166835194
2021-05-27,126.44000244140624,127.63999938964844,125.08000183105467,125.27999877929688,123.17473602294922,94625600,-0.012377006374285404
2021-05-28,125.56999969482422,125.8000030517578,124.5500030517578,124.61000061035156,122.51602172851562,71311100,-0.005347803581335575
2021-06-01,125.08000183105467,125.3499984741211,123.94000244140624,124.27999877929688,122.19154357910156,67637100,-0.0026484548293045362
2021-06-02,124.27999877929688,125.23999786376952,124.0500030517578,125.05999755859376,122.9584503173828,59278900,0.006276266882452308
2021-06-03,124.68000030517578,124.8499984741211,123.12999725341795,123.54000091552734,121.46397399902344,76229200,-0.012154319727532226
2021-06-04,124.06999969482422,126.16000366210938,123.8499984741211,125.88999938964844,123.77449798583984,75169300,0.019022298635107848
2021-06-07,126.16999816894533,126.31999969482422,124.83000183105467,125.9000015258789,123.78433227539062,71057600,7.945327762026722e-05
2021-06-08,126.5999984741211,128.4600067138672,126.20999908447266,126.73999786376952,124.61022186279295,74403800,0.00667200422073555
2021-06-09,127.20999908447266,127.75,126.5199966430664,127.12999725341795,124.99366760253906,56877900,0.003077161199249945
2021-06-10,127.0199966430664,128.19000244140625,125.94000244140624,126.11000061035156,123.99080657958984,71186400,-0.008023294637118483
2021-06-11,126.52999877929688,127.44000244140624,126.0999984741211,127.3499984741211,125.20997619628906,53522400,0.009832742042182208
2021-06-14,127.81999969482422,130.5399932861328,127.06999969482422,130.47999572753906,128.28738403320312,96906500,0.024577976375378174
2021-06-15,129.94000244140625,130.60000610351562,129.38999938964844,129.63999938964844,127.46150970458984,62746300,-0.0064376893709168215
2021-06-16,130.3699951171875,130.88999938964844,128.4600067138672,130.14999389648438,127.96288299560548,91815000,0.003933527008880056
2021-06-17,129.8000030517578,132.5500030517578,129.64999389648438,131.7899932861328,129.5753631591797,96721700,0.012601155318058721
2021-06-18,130.7100067138672,131.50999450683594,130.24000549316406,130.4600067138672,128.2677001953125,108953300,-0.010091910468047582
2021-06-21,130.3000030517578,132.41000366210938,129.2100067138672,132.3000030517578,130.07679748535156,79663300,0.014104075205872979
2021-06-22,132.1300048828125,134.0800018310547,131.6199951171875,133.97999572753906,131.72857666015625,74783600,0.012698492019614038
2021-06-23,133.77000427246094,134.32000732421875,133.22999572753906,133.6999969482422,131.4532470703125,60214200,-0.0020901280255541943
2021-06-24,134.4499969482422,134.63999938964844,132.92999267578125,133.41000366210938,131.16812133789062,68711000,-0.0021690276868502334
2021-06-25,133.4600067138672,133.88999938964844,132.80999755859375,133.11000061035156,130.87318420410156,70783700,-0.0022485427921110634
2021-06-28,133.41000366210938,135.25,133.35000610351562,134.77999877929688,132.51507568359375,62111300,0.012545667697147156
2021-06-29,134.8000030517578,136.49000549316406,134.35000610351562,136.3300018310547,134.03907775878906,64556100,0.011500593931170311
2021-06-30,136.1699981689453,137.41000366210938,135.8699951171875,136.9600067138672,134.6584930419922,63261400,0.004621154468981148
2021-07-01,136.60000610351562,137.3300018310547,135.75999450683594,137.27000427246094,134.96327209472656,52485800,0.002263348162074852
2021-07-02,137.89999389648438,140.0,137.75,139.9600067138672,137.6080780029297,78852600,0.01959648626736632
2021-07-06,140.07000732421875,143.14999389648438,140.07000732421875,142.02000427246094,139.63343811035156,108181800,0.014718322767205194
2021-07-07,143.5399932861328,144.88999938964844,142.66000366210938,144.57000732421875,142.14060974121094,104911600,0.017955381352695587
2021-07-08,141.5800018310547,144.05999755859375,140.6699981689453,143.24000549316406,140.83294677734375,105575500,-0.009199784398336242
2021-07-09,142.75,145.64999389648438,142.64999389648438,145.11000061035156,142.6715087890625,99890800,0.01305491402253689
2021-07-12,146.2100067138672,146.32000732421875,144.0,144.5,142.07176208496094,76299700,-0.00420368936441462
2021-07-13,144.02999877929688,147.4600067138672,143.6300048828125,145.63999938964844,143.19261169433594,100827100,0.007889320107853148
2021-07-14,148.10000610351562,149.57000732421875,147.67999267578125,149.14999389648438,146.64361572265625,127050800,0.024100433587222803
2021-07-15,149.24000549316406,150.0,147.08999633789062,148.47999572753906,145.98486328125,106820300,-0.0044921999376511534
2021-07-16,148.4600067138672,149.75999450683594,145.8800048828125,146.38999938964844,143.92999267578125,93251400,-0.014075915538653505
2021-07-19,143.75,144.07000732421875,141.6699981689453,142.4499969482422,140.05624389648438,121434600,-0.026914117810197702
2021-07-20,143.4600067138672,147.10000610351562,142.9600067138672,146.14999389648438,143.69403076171875,96350000,0.025973757142331078
2021-07-21,145.52999877929688,146.1300048828125,144.6300048828125,145.39999389648438,142.95663452148438,74993500,-0.0051317110135017385
2021-07-22,145.94000244140625,148.1999969482422,145.80999755859375,146.8000030517578,144.33314514160156,77338200,0.00962886839582322
2021-07-23,147.5500030517578,148.72000122070312,146.9199981689453,148.55999755859375,146.0635223388672,71447400,0.011988772194827524
2021-07-26,148.27000427246094,149.8300018310547,147.6999969482422,148.99000549316406,146.486328125,72434100,0.0028946706156509627
2021-07-27,149.1199951171875,149.2100067138672,145.5500030517578,146.77000427246094,144.3036346435547,104818600,-0.014900322162371138
2021-07-28,144.80999755859375,146.97000122070312,142.5399932861328,144.97999572753906,142.54368591308594,118931200,-0.012196149700705816
2021-07-29,144.69000244140625,146.5500030517578,144.5800018310547,145.63999938964844,143.19261169433594,56699500,0.004552469490971767
2021-07-30,144.3800048828125,146.3300018310547,144.11000061035156,145.86000061035156,143.40892028808594,70440600,0.001510612811586487
2021-08-02,146.36000061035156,146.9499969482422,145.25,145.52000427246094,143.0746307373047,62880000,-0.0023310234126978635
2021-08-03,145.80999755859375,148.0399932861328,145.17999267578125,147.36000061035156,144.88372802734375,64786600,0.012644430956880726
2021-08-04,147.27000427246094,147.7899932861328,146.27999877929688,146.9499969482422,144.48060607910156,56368300,-0.0027823824920222284
2021-08-05,146.97999572753906,147.83999633789062,146.1699981689453,147.05999755859375,144.5887451171875,46397700,0.0007484675003837093
2021-08-06,146.35000610351562,147.11000061035156,145.6300048828125,146.13999938964844,143.89950561523438,54126800,-0.004766895939199878
2021-08-09,146.1999969482422,146.6999969482422,145.52000427246094,146.08999633789062,143.85025024414062,48908700,-0.0003422900647446214
2021-08-10,146.44000244140625,147.7100067138672,145.3000030517578,145.60000610351562,143.36776733398438,69023100,-0.003354063752669112
2021-08-11,146.0500030517578,146.72000122070312,145.52999877929688,145.86000061035156,143.623779296875,48493500,0.0017857009818269542
2021-08-12,146.19000244140625,149.0500030517578,145.83999633789062,148.88999938964844,146.60733032226562,72282600,0.020773377779062185
2021-08-13,148.97000122070312,149.44000244140625,148.27000427246094,149.10000610351562,146.81411743164062,59375000,0.0014104827427146027
2021-08-16,148.5399932861328,151.19000244140625,146.47000122070312,151.1199951171875,148.80311584472656,103296000,0.013547732655969202
2021-08-17,150.22999572753906,151.67999267578125,149.08999633789062,150.19000244140625,147.8874053955078,92229700,-0.006153839212441503
2021-08-18,149.8000030517578,150.72000122070312,146.14999389648438,146.36000061035156,144.11610412597656,86326000,-0.025501165967753203
2021-08-19,145.02999877929688,148.0,144.5,146.6999969482422,144.45089721679688,86960300,0.002323078970603243
2021-08-20,147.44000244140625,148.5,146.77999877929688,148.19000244140625,145.91806030273438,60549600,0.010156829166215076
2021-08-23,148.30999755859375,150.19000244140625,147.88999938964844,149.7100067138672,147.414794921875,60131800,0.010257363728899405
2021-08-24,149.4499969482422,150.86000061035156,149.14999389648438,149.6199951171875,147.32614135742188,48606400,-0.0006013885139555253
2021-08-25,149.80999755859375,150.32000732421875,147.8000030517578,148.36000061035156,146.08544921875,58991300,-0.008421398451357587
2021-08-26,148.35000610351562,149.1199951171875,147.50999450683594,147.5399932861328,145.27801513671875,48597200,-0.00552713556585771
2021-08-27,147.47999572753906,148.75,146.8300018310547,148.60000610351562,146.32179260253906,55802400,0.007184689747020689
2021-08-30,149.0,153.49000549316406,148.61000061035156,153.1199951171875,150.7724609375,90956700,0.030416988855860305
2021-08-31,152.66000366210938,152.8000030517578,151.2899932861328,151.8300018310547,149.5022735595703,86453100,-0.008424531708454475
2021-09-01,152.8300018310547,154.97999572753906,152.33999633789062,152.50999450683594,150.1718292236328,80313700,0.004478565095504816
2021-09-02,153.8699951171875,154.72000122070312,152.39999389648438,153.64999389648438,151.2943572998047,71115500,0.007474957733252463
2021-09-03,153.75999450683594,154.6300048828125,153.08999633789062,154.3000030517578,151.9344024658203,57808700,0.0042304629031690855
2021-09-07,154.97000122070312,157.25999450683594,154.38999938964844,156.69000244140625,154.2877197265625,82278300,0.015489034889722308
2021-09-08,156.97999572753906,157.0399932861328,153.97999572753906,155.11000061035156,152.73194885253906,74420200,-0.010083569040884588
2021-09-09,155.49000549316406,156.11000061035156,153.9499969482422,154.07000732421875,151.70790100097656,57305700,-0.0067048699322969085
2021-09-10,155.0,155.47999572753906,148.6999969482422,148.97000122070312,146.68609619140625,140893200,-0.03310180139884733
2021-09-13,150.6300048828125,151.4199981689453,148.75,149.5500030517578,147.25721740722656,102404300,0.003893492503032281
2021-09-14,150.35000610351562,151.07000732421875,146.91000366210938,148.1199951171875,145.84915161132812,109296300,-0.009561947595441489
2021-09-15,148.55999755859375,149.44000244140625,146.3699951171875,149.02999877929688,146.74517822265625,83281300,0.006143516101594804
2021-09-16,148.44000244140625,148.97000122070312,147.22000122070312,148.7899932861328,146.50885009765625,68034100,-0.001610466032767488
2021-09-17,148.82000732421875,148.82000732421875,145.75999450683594,146.05999755859375,143.8207244873047,129868800,-0.018347871876407296
2021-09-20,143.8000030517578,144.83999633789062,141.27000427246094,142.94000244140625,140.74856567382812,123478900,-0.021361030021426086
2021-09-21,143.92999267578125,144.60000610351562,142.77999877929688,143.42999267578125,141.2310028076172,75834000,0.0034276522213878557
2021-09-22,144.4499969482422,146.42999267578125,143.6999969482422,145.85000610351562,143.6139373779297,76404300,0.01687260249478295
2021-09-23,146.64999389648438,147.0800018310547,145.63999938964844,146.8300018310547,144.57891845703125,64838200,0.006719271797152704
2021-09-24,145.66000366210938,147.47000122070312,145.55999755859375,146.9199981689453,144.66754150390625,53477900,0.0006129735083151289
2021-09-27,145.47000122070312,145.9600067138672,143.82000732421875,145.3699951171875,143.14129638671875,74150700,-0.010550017656491995
2021-09-28,143.25,144.75,141.69000244140625,141.91000366210938,139.73434448242188,108972300,-0.02380132072503005
2021-09-29,142.47000122070312,144.4499969482422,142.02999877929688,142.8300018310547,140.64024353027344,74602000,0.006483009250209948
2021-09-30,143.66000366210938,144.3800048828125,141.27999877929688,141.5,139.33059692382812,89056700,-0.009312033124881491
2021-10-01,141.89999389648438,142.9199981689453,139.11000061035156,142.64999389648438,140.46299743652344,94639600,0.00812743602408017
2021-10-04,141.75999450683594,142.2100067138672,138.27000427246094,139.13999938964844,137.0067901611328,98322000,-0.024605820311876192
2021-10-05,139.49000549316406,142.24000549316406,139.36000061035156,141.11000061035156,138.94659423828125,80861100,0.014158452109322761
2021-10-06,139.47000122070312,142.14999389648438,138.3699951171875,142.0,139.8229522705078,83221100,0.006307157343660386
2021-10-07,143.05999755859375,144.22000122070312,142.72000122070312,143.2899932861328,141.0931854248047,61732700,0.009084582564380606
2021-10-08,144.02999877929688,144.17999267578125,142.55999755859375,142.89999389648438,140.7091522216797,58773200,-0.002721840902299766
2021-10-11,142.27000427246094,144.80999755859375,141.80999755859375,142.80999755859375,140.62054443359375,64452200,-0.0006297229902028079
2021-10-12,143.22999572753906,143.25,141.0399932861328,141.50999450683594,139.3404541015625,73035900,-0.009103153007886111
2021-10-13,141.24000549316406,141.39999389648438,139.1999969482422,140.91000366210938,138.74966430664062,78762700,-0.004239901461001838
2021-10-14,142.11000061035156,143.8800048828125,141.50999450683594,143.75999450683594,141.5559844970703,69907100,0.02022578003668274
2021-10-15,143.77000427246094,144.89999389648438,143.50999450683594,144.83999633789062,142.61941528320312,67940300,0.00751243961822623
2021-10-18,143.4499969482422,146.83999633789062,143.16000366210938,146.5500030517578,144.30319213867188,85589200,0.011806084410914464
2021-10-19,147.00999450683594,149.1699981689453,146.5500030517578,148.75999450683594,146.4793243408203,76378900,0.015080277642487872
2021-10-20,148.6999969482422,149.75,148.1199951171875,149.25999450683594,146.9716339111328,58418800,0.0033609492160615595
2021-10-21,148.80999755859375,149.63999938964844,147.8699951171875,149.47999572753906,147.1883087158203,61421000,0.0014742627466366454
2021-10-22,149.69000244140625,150.17999267578125,148.63999938964844,148.69000244140625,146.410400390625,58883400,-0.005285123064340924
2021-10-25,148.67999267578125,149.3699951171875,147.6199951171875,148.63999938964844,146.3611602783203,50720600,-0.0003363156727480554
2021-10-26,149.3300018310547,150.83999633789062,149.00999450683594,149.32000732421875,147.03073120117188,60893400,0.004574785561813677
2021-10-27,149.36000061035156,149.72999572753906,148.49000549316406,148.85000610351562,146.5679473876953,56094900,-0.003147531197701614
2021-10-28,149.82000732421875,153.1699981689453,149.72000122070312,152.57000732421875,150.23092651367188,100077900,0.02499167922634138
2021-10-29,147.22000122070312,149.94000244140625,146.41000366210938,149.8000030517578,147.50338745117188,124953200,-0.01815564295446037
2021-11-01,148.99000549316406,149.6999969482422,147.8000030517578,148.9600067138672,146.67625427246094,74588300,-0.005607553785737629
2021-11-02,148.66000366210938,151.57000732421875,148.64999389648438,150.02000427246094,147.72000122070312,69122000,0.007115991292655721
2021-11-03,150.38999938964844,151.97000122070312,149.82000732421875,151.49000549316406,149.16748046875,54511500,0.009798803385360433
2021-11-04,151.5800018310547,152.42999267578125,150.63999938964844,150.9600067138672,148.64561462402344,60394600,-0.003498522889081701
2021-11-05,151.88999938964844,152.1999969482422,150.05999755859375,151.27999877929688,149.1781005859375,65463900,0.0035822514055385835
2021-11-08,151.41000366210938,151.57000732421875,150.16000366210938,150.44000244140625,148.3497772216797,55020900,-0.0055525801776825645
2021-11-09,150.1999969482422,151.42999267578125,150.05999755859375,150.80999755859375,148.714599609375,56787900,0.00245920414932721
2021-11-10,150.02000427246094,150.1300048828125,147.85000610351562,147.9199981689453,145.86477661132812,65187100,-0.019163034466908035
2021-11-11,148.9600067138672,149.42999267578125,147.67999267578125,147.8699951171875,145.81546020507812,41000000,-0.0003380967454631456
2021-11-12,148.42999267578125,150.39999389648438,147.47999572753906,149.99000549316406,147.90599060058594,63804000,0.014336822670021787
2021-11-15,150.3699951171875,151.8800048828125,149.42999267578125,150.0,147.9158477783203,59222800,6.664488499996679e-05
2021-11-16,149.94000244140625,151.49000549316406,149.33999633789062,151.0,148.90196228027344,59256200,0.006666726498643971
2021-11-17,151.0,155.0,150.99000549316406,153.49000549316406,151.35739135742188,88807000,0.0164902398836535
2021-11-18,153.7100067138672,158.6699981689453,153.0500030517578,157.8699951171875,155.67652893066406,137827700,0.028536020173886234
2021-11-19,157.64999389648438,161.02000427246094,156.52999877929688,160.5500030517578,158.31927490234375,117305600,0.01697587934310074
2021-11-22,161.67999267578125,165.6999969482422,161.0,161.02000427246094,158.7827606201172,117467900,0.002927538153894016
2021-11-23,161.1199951171875,161.8000030517578,159.05999755859375,161.41000366210938,159.16734313964844,96041900,0.002422067219572721
2021-11-24,160.75,162.13999938964844,159.63999938964844,161.94000244140625,159.6899871826172,69463600,0.003283613539431851
2021-11-26,159.57000732421875,160.4499969482422,156.36000061035156,156.80999755859375,154.63125610351562,76959800,-0.03167844877660697
2021-11-29,159.3699951171875,161.19000244140625,158.7899932861328,160.24000549316406,158.0135955810547,88748200,0.02187358211249868
2021-11-30,159.99000549316406,165.52000427246094,159.9199981689453,165.3000030517578,163.0032958984375,174048100,0.03157766456129596
2021-12-01,167.47999572753906,170.3000030517578,164.52999877929688,164.77000427246094,162.4806365966797,152052500,-0.003206433948939713
2021-12-02,158.74000549316406,164.1999969482422,157.8000030517578,163.75999450683594,161.48468017578125,136739200,-0.006129693000715308
2021-12-03,164.02000427246094,164.9600067138672,159.72000122070312,161.83999633789062,159.5913543701172,118023100,-0.01172449178214996
2021-12-06,164.2899932861328,167.8800048828125,164.27999877929688,165.32000732421875,163.0230255126953,107497000,0.021502863711649
2021-12-07,169.0800018310547,171.5800018310547,168.33999633789062,171.17999267578125,168.8015899658203,120405400,0.03544630848895025
2021-12-08,172.1300048828125,175.9600067138672,170.6999969482422,175.0800018310547,172.64739990234375,116998900,0.022783019622635958
2021-12-09,174.91000366210938,176.75,173.9199981689453,174.55999755859375,172.13461303710938,108923700,-0.0029701395186051416
2021-12-10,175.2100067138672,179.6300048828125,174.69000244140625,179.4499969482422,176.95669555664062,115402700,0.028013439217432046
2021-12-13,181.1199951171875,182.1300048828125,175.52999877929688,175.74000549316406,173.2982177734375,153237000,-0.020674424167420713
2021-12-14,175.25,177.74000549316406,172.2100067138672,174.3300018310547,171.9078369140625,139380400,-0.00802305342339249
2021-12-15,175.11000061035156,179.5,172.30999755859375,179.3000030517578,176.80877685546875,131063300,0.028509112960663163
2021-12-16,179.27999877929688,181.13999938964844,170.75,172.25999450683594,169.86659240722656,150185800,-0.03926379997480012
2021-12-17,169.92999267578125,173.47000122070312,169.69000244140625,171.13999938964844,168.7621612548828,195432700,-0.006501756093959088
2021-12-20,168.27999877929688,170.5800018310547,167.4600067138672,169.75,167.39146423339844,107499100,-0.008122063685912395
2021-12-21,171.55999755859375,173.1999969482422,169.1199951171875,172.99000549316406,170.58642578125,91185900,0.019086765041954168
2021-12-22,173.0399932861328,175.86000061035156,172.14999389648438,175.63999938964844,173.19961547851562,92135300,0.015318860720000327
2021-12-23,175.85000610351562,176.85000610351562,175.27000427246094,176.27999877929688,173.83074951171875,68356600,0.003643969020713067
2021-12-27,177.08999633789062,180.4199981689453,177.07000732421875,180.3300018310547,177.82447814941406,74919600,0.022974811124691685
2021-12-28,180.16000366210935,181.3300018310547,178.52999877929688,179.2899932861328,176.79891967773438,79144300,-0.00576725140628831
2021-12-29,179.3300018310547,180.6300048828125,178.13999938964844,179.3800048828125,176.88766479492188,62348900,0.0005019550874476586
2021-12-30,179.47000122070312,180.57000732421875,178.08999633789062,178.1999969482422,175.72406005859375,59773000,-0.006578213001325883
2021-12-31,178.08999633789062,179.22999572753906,177.25999450683594,177.57000732421875,175.10279846191406,64062300,-0.003535438439520089
2022-01-03,177.8300018310547,182.8800048828125,177.7100067138672,182.00999450683597,179.4811248779297,104487900,0.025004320059270446
2022-01-04,182.6300048828125,182.94000244140625,179.1199951171875,179.6999969482422,177.20321655273438,99310400,-0.012691631650651791
2022-01-05,179.61000061035156,180.1699981689453,174.63999938964844,174.9199981689453,172.48963928222656,94537600,-0.02659984035394236
2022-01-06,172.6999969482422,175.3000030517578,171.63999938964844,172.0,169.61019897460938,96904000,-0.01669341022219817
2022-01-07,172.88999938964844,174.13999938964844,171.02999877929688,172.1699981689453,169.77784729003906,86709100,0.0009884329860068153
2022-01-10,169.0800018310547,172.5,168.1699981689453,172.19000244140625,169.79754638671875,106765600,0.00011602866330395756
2022-01-11,172.32000732421875,175.17999267578125,170.82000732421875,175.0800018310547,172.64739990234375,76138300,0.016783832135797594
2022-01-12,176.1199951171875,177.17999267578125,174.82000732421875,175.52999877929688,173.0911407470703,74805200,0.0025702144658856785
2022-01-13,175.77999877929688,176.6199951171875,171.7899932861328,172.19000244140625,169.79754638671875,84505800,-0.0190280932122594
2022-01-14,171.33999633789062,173.77999877929688,171.08999633789062,173.07000732421875,170.6653594970703,80440800,0.005110869555058795
2022-01-18,171.50999450683594,172.5399932861328,169.41000366210938,169.8000030517578,167.44078063964844,90956700,-0.018894161456808334
2022-01-19,170.0,171.0800018310547,165.94000244140625,166.22999572753906,163.9203643798828,94815000,-0.02102484380637215
2022-01-20,166.97999572753906,169.67999267578125,164.17999267578125,164.50999450683594,162.2242889404297,91420500,-0.010346947713723353
2022-01-21,164.4199981689453,166.3300018310547,162.3000030517578,162.41000366210938,160.15347290039062,122848900,-0.012765141727941187
2022-01-24,160.02000427246094,162.3000030517578,154.6999969482422,161.6199951171875,159.3744354248047,162294600,-0.004864318340885854
2022-01-25,158.97999572753906,162.75999450683594,157.02000427246094,159.77999877929688,157.5599822998047,115798400,-0.011384844251612014
2022-01-26,163.5,164.38999938964844,157.82000732421875,159.69000244140625,157.47125244140625,108275300,-0.0005631497103725236
2022-01-27,162.4499969482422,163.83999633789062,158.27999877929688,159.22000122070312,157.0077667236328,121954600,-0.002943303686149923
2022-01-28,165.7100067138672,170.35000610351562,162.8000030517578,170.3300018310547,167.96340942382812,179935700,0.0697777118216043
2022-01-31,170.16000366210938,175.0,169.50999450683594,174.77999877929688,172.3515625,115541600,0.026125648980481753
2022-02-01,174.00999450683594,174.83999633789062,172.30999755859375,174.61000061035156,172.18394470214844,86213900,-0.0009725342516204716
2022-02-02,174.75,175.8800048828125,173.3300018310547,175.83999633789062,173.3968505859375,84914300,0.007044244954935941
2022-02-03,174.47999572753906,176.24000549316406,172.1199951171875,172.89999389648438,170.4976806640625,89418100,-0.016719853400325335
2022-02-04,171.67999267578125,174.10000610351562,170.67999267578125,172.38999938964844,170.2113494873047,82465400,-0.0016793845854242706
2022-02-07,172.86000061035156,173.9499969482422,170.9499969482422,171.66000366210938,169.49058532714844,77251200,-0.004234524679624929
2022-02-08,171.72999572753906,175.35000610351562,171.42999267578125,174.8300018310547,172.62054443359375,74829200,0.018466861155762127
2022-02-09,176.0500030517578,176.64999389648438,174.89999389648438,176.27999877929688,174.05221557617188,71285000,0.00829374711611397
2022-02-10,174.13999938964844,175.47999572753906,171.5500030517578,172.1199951171875,169.94476318359375,90865900,-0.023598966430740664
2022-02-11,172.3300018310547,173.0800018310547,168.0399932861328,168.63999938964844,166.50875854492188,98670700,-0.02021836139169475
2022-02-14,167.3699951171875,169.5800018310547,166.55999755859375,168.8800048828125,166.74571228027344,86185500,0.0014230706986362307
2022-02-15,170.97000122070312,172.9499969482422,170.25,172.7899932861328,170.60629272460938,62527400,0.023152502043632284
2022-02-16,171.85000610351562,173.33999633789062,170.0500030517578,172.5500030517578,170.3693389892578,61177400,-0.0013888921186163694
2022-02-17,171.02999877929688,171.91000366210938,168.47000122070312,168.8800048828125,166.74571228027344,69589300,-0.021269242050724002
2022-02-18,169.82000732421875,170.5399932861328,166.19000244140625,167.3000030517578,165.18569946289062,82772700,-0.009355639770578739
2022-02-22,164.97999572753906,166.69000244140625,162.14999389648438,164.32000732421875,162.2433624267578,91162800,-0.01781229879886681
2022-02-23,165.5399932861328,166.14999389648438,159.75,160.07000732421875,158.04705810546875,90009200,-0.02586425884253607
2022-02-24,152.5800018310547,162.85000610351562,152.0,162.74000549316406,160.68331909179688,141147500,0.01668022814172776
2022-02-25,163.83999633789062,165.1199951171875,160.8699951171875,164.85000610351562,162.7666473388672,91974200,0.012965429509706139
2022-02-28,163.05999755859375,165.4199981689453,162.42999267578125,165.1199951171875,163.03323364257812,95056600,0.0016378435513015877
2022-03-01,164.6999969482422,166.60000610351562,161.97000122070312,163.1999969482422,161.13751220703125,83474400,-0.011627822089960604
2022-03-02,164.38999938964844,167.36000061035156,162.9499969482422,166.55999755859375,164.45501708984375,79724800,0.020588035879256505
2022-03-03,168.47000122070312,168.91000366210938,165.5500030517578,166.22999572753906,164.12921142578125,76678400,-0.001981123287254305
2022-03-04,164.49000549316406,165.5500030517578,162.10000610351562,163.1699981689453,161.10787963867188,83737200,-0.018408251406701104
2022-03-07,163.36000061035156,165.02000427246094,159.0399932861328,159.3000030517578,157.28680419921875,96418800,-0.02371749568067638
2022-03-08,158.82000732421875,162.8800048828125,155.8000030517578,157.44000244140625,155.45030212402344,131148300,-0.01167613573525983
2022-03-09,161.47999572753906,163.41000366210938,159.41000366210938,162.9499969482422,160.8906707763672,91454900,0.034997478795526726
2022-03-10,160.1999969482422,160.38999938964844,155.97999572753906,158.52000427246094,156.5166473388672,105342000,-0.027186308667826675
2022-03-11,158.92999267578125,159.27999877929688,154.5,154.72999572753906,152.77455139160156,96970100,-0.02390861298711433
2022-03-14,151.4499969482422,154.1199951171875,150.10000610351562,150.6199951171875,148.7164764404297,108732100,-0.026562506086304616
2022-03-15,150.89999389648438,155.57000732421875,150.3800048828125,155.08999633789062,153.1300048828125,92964300,0.029677467810035996
2022-03-16,157.0500030517578,160.0,154.4600067138672,159.58999633789062,157.5731201171875,102300200,0.029015314391031444
2022-03-17,158.61000061035156,161.0,157.6300048828125,160.6199951171875,158.59010314941406,75615400,0.00645403880731843
2022-03-18,160.50999450683594,164.47999572753906,159.75999450683594,163.97999572753906,161.90765380859375,123511700,0.02091902705967774
2022-03-21,163.50999450683594,166.35000610351562,163.00999450683594,165.3800048828125,163.28997802734375,95811400,0.008537732381596719
2022-03-22,165.50999450683594,169.4199981689453,164.91000366210938,168.82000732421875,166.68649291992188,81532000,0.020800510439222153
2022-03-23,167.99000549316406,172.63999938964844,167.64999389648438,170.2100067138672,168.0589141845703,98062700,0.008233548145426317
2022-03-24,171.05999755859375,174.13999938964844,170.2100067138672,174.07000732421875,171.87013244628906,90131400,0.02267787031834012
2022-03-25,173.8800048828125,175.27999877929688,172.75,174.72000122070312,172.51193237304688,80546200,0.003734214418892101
2022-03-28,172.1699981689453,175.72999572753906,172.0,175.60000610351562,173.3808135986328,90371900,0.005036644211410479
2022-03-29,176.69000244140625,179.00999450683594,176.33999633789062,178.9600067138672,176.69833374023438,100589400,0.01913429792342214
2022-03-30,178.5500030517578,179.61000061035156,176.6999969482422,177.77000427246094,175.5233612060547,92633200,-0.006649596005285585
2022-03-31,177.83999633789062,178.02999877929688,174.39999389648438,174.61000061035156,172.4033203125,103049300,-0.01777564463280723
2022-04-01,174.02999877929688,174.8800048828125,171.94000244140625,174.30999755859375,172.10708618164062,78751300,-0.0017182623299969446
2022-04-04,174.57000732421875,178.49000549316406,174.44000244140625,178.44000244140625,176.18490600585938,76468400,0.02369350335706133
2022-04-05,177.5,178.3000030517578,174.4199981689453,175.05999755859375,172.8476104736328,73401800,-0.018942005918007432
2022-04-06,172.36000061035156,173.6300048828125,170.1300048828125,171.8300018310547,169.65843200683594,89058800,-0.018450810271880336
2022-04-07,171.16000366210938,173.36000061035156,169.85000610351562,172.13999938964844,169.9645233154297,77594700,0.0018041620741928721
2022-04-08,171.77999877929688,171.77999877929688,169.1999969482422,170.08999633789062,167.94044494628906,76575500,-0.011908828558205853
2022-04-11,168.7100067138672,169.02999877929688,165.5,165.75,163.65525817871094,72246700,-0.025516109409788768
2022-04-12,168.02000427246094,169.8699951171875,166.63999938964844,167.66000366210938,165.5411376953125,79265200,0.01152348868951214
2022-04-13,167.38999938964844,171.0399932861328,166.77000427246094,170.39999389648438,168.24652099609375,70618900,0.016342664659950934
2022-04-14,170.6199951171875,171.27000427246094,165.0399932861328,165.2899932861328,163.2010955810547,75329400,-0.029988289714211747
2022-04-18,163.9199981689453,166.60000610351562,163.57000732421875,165.07000732421875,162.98387145996094,69023900,-0.0013310212184566295
2022-04-19,165.02000427246094,167.82000732421875,163.91000366210938,167.39999389648438,165.284423828125,67723800,0.014115214883266614
2022-04-20,168.75999450683594,168.8800048828125,166.10000610351562,167.22999572753906,165.11659240722656,67929800,-0.0010154097827933528
2022-04-21,168.91000366210938,171.52999877929688,165.91000366210938,166.4199981689453,164.31683349609375,87227800,-0.004843601115267493
2022-04-22,166.4600067138672,167.8699951171875,161.5,161.7899932861328,159.7453155517578,84882400,-0.027821361007693834
2022-04-25,161.1199951171875,163.1699981689453,158.4600067138672,162.8800048828125,160.82154846191406,96046400,0.006737179781697966
2022-04-26,162.25,162.33999633789062,156.72000122070312,156.8000030517578,154.81837463378906,95623200,-0.037328168305422516
2022-04-27,155.91000366210938,159.7899932861328,155.3800048828125,156.57000732421875,154.59130859375,88063200,-0.0014666607925329922
2022-04-28,159.25,164.52000427246094,158.92999267578125,163.63999938964844,161.5719451904297,130216800,0.045155427301699635
2022-04-29,161.83999633789062,166.1999969482422,157.25,157.64999389648438,155.65765380859375,131747600,-0.036604692571258646
2022-05-02,156.7100067138672,158.22999572753906,153.27000427246094,157.9600067138672,155.96372985839844,123055300,0.0019663411487691462
2022-05-03,158.14999389648438,160.7100067138672,156.32000732421875,159.47999572753906,157.4645233154297,88966500,0.009622708166788785
2022-05-04,159.6699981689453,166.47999572753906,159.25999450683594,166.02000427246094,163.92185974121094,108256500,0.0410081984806574
2022-05-05,163.85000610351562,164.0800018310547,154.9499969482422,156.77000427246094,154.78878784179688,130525300,-0.05571600952937428
2022-05-06,156.00999450683594,159.44000244140625,154.17999267578125,157.27999877929688,155.5204620361328,116124600,0.004726919853418332
2022-05-09,154.92999267578125,155.8300018310547,151.49000549316406,152.05999755859375,150.35888671875,131577900,-0.0331890430995736
2022-05-10,155.52000427246094,156.74000549316406,152.92999267578125,154.50999450683594,152.78146362304688,115366700,0.016111963563739007
2022-05-11,153.5,155.4499969482422,145.80999755859375,146.5,144.86111450195312,142689800,-0.05184103446367938
2022-05-12,142.77000427246094,146.1999969482422,138.8000030517578,142.55999755859375,140.9651641845703,182602000,-0.026894383152977097
2022-05-13,144.58999633789062,148.10000610351562,143.11000061035156,147.11000061035156,145.4642333984375,113990900,0.03191617758821885
2022-05-16,145.5500030517578,147.52000427246094,144.17999267578125,145.5399932861328,143.91183471679688,86643800,-0.010672030129829202
2022-05-17,148.86000061035156,149.77000427246094,146.67999267578125,149.24000549316406,147.57044982910156,78336300,0.02542261461334605
2022-05-18,146.85000610351562,147.36000061035156,139.89999389648438,140.82000732421875,139.24462890625,109742900,-0.05641929622423414
2022-05-19,139.8800048828125,141.66000366210938,136.60000610351562,137.35000610351562,135.81344604492188,136095600,-0.024641401885872827
2022-05-20,139.08999633789062,140.6999969482422,132.61000061035156,137.58999633789062,136.05076599121094,137426100,0.0017473965443051132
2022-05-23,137.7899932861328,143.25999450683594,137.64999389648438,143.11000061035156,141.50900268554688,117726300,0.04011911770264165
2022-05-24,140.80999755859375,141.97000122070312,137.3300018310547,140.36000061035156,138.78977966308594,104132700,-0.019215901256144363
2022-05-25,138.42999267578125,141.7899932861328,138.33999633789062,140.52000427246094,138.947998046875,92482700,0.0011399858417033837
2022-05-26,137.38999938964844,144.33999633789062,137.13999938964844,143.77999877929688,142.17152404785156,90601500,0.023199513820192585
2022-05-27,145.38999938964844,149.67999267578125,145.25999450683594,149.63999938964844,147.9659423828125,90978500,0.04075653246152644
2022-05-31,149.07000732421875,150.66000366210938,146.83999633789062,148.83999633789062,147.17491149902344,103718400,-0.005346033492913738
2022-06-01,149.89999389648438,151.74000549316406,147.67999267578125,148.7100067138672,147.04635620117188,74286600,-0.0008734864967281375
2022-06-02,147.8300018310547,151.27000427246094,146.86000061035156,151.2100067138672,149.5183868408203,72348100,0.01681123356954517
2022-06-03,146.89999389648438,147.97000122070312,144.4600067138672,145.3800048828125,143.75363159179688,88570300,-0.03855549388156987
2022-06-06,147.02999877929688,148.57000732421875,144.89999389648438,146.13999938964844,144.505126953125,71598400,0.005227661750223378
2022-06-07,144.35000610351562,149.0,144.10000610351562,148.7100067138672,147.04635620117188,67808200,0.017585737624874698
2022-06-08,148.5800018310547,149.8699951171875,147.4600067138672,147.9600067138672,146.30474853515625,53950200,-0.005043359694007266
2022-06-09,147.0800018310547,147.9499969482422,142.52999877929688,142.63999938964844,141.04428100585938,69473000,-0.03595554882508012
2022-06-10,140.27999877929688,140.75999450683594,137.05999755859375,137.1300048828125,135.59593200683594,91437900,-0.03862864172987701
2022-06-13,132.8699951171875,135.1999969482422,131.44000244140625,131.8800048828125,130.4046630859375,122207100,-0.0382848426502701
2022-06-14,133.1300048828125,133.88999938964844,131.47999572753906,132.75999450683594,131.27481079101562,84784300,0.006672673234888071
2022-06-15,134.2899932861328,137.33999633789062,132.16000366210938,135.42999267578125,133.9149169921875,91533000,0.020111293135854025
2022-06-16,132.0800018310547,132.38999938964844,129.0399932861328,130.05999755859375,128.60501098632812,108123900,-0.03965134075518373
2022-06-17,130.07000732421875,133.0800018310547,129.80999755859375,131.55999755859375,130.08822631835938,134520300,0.01153310684129516
2022-06-21,133.4199981689453,137.05999755859375,133.32000732421875,135.8699951171875,134.35000610351562,81000500,0.032760687925182275
2022-06-22,134.7899932861328,137.75999450683594,133.91000366210938,135.35000610351562,133.8358612060547,73409200,-0.0038269063945169934
2022-06-23,136.82000732421875,138.58999633789062,135.6300048828125,138.27000427246094,136.72315979003906,72433800,0.021573430005722205
2022-06-24,139.89999389648438,141.91000366210938,139.77000427246094,141.66000366210938,140.0752410888672,89116800,0.02451728956510224
2022-06-27,142.6999969482422,143.49000549316406,140.97000122070312,141.66000366210938,140.0752410888672,70207900,0.0
2022-06-28,142.1300048828125,143.4199981689453,137.32000732421875,137.44000244140625,135.90245056152344,67083400,-0.029789636590355273
2022-06-29,137.4600067138672,140.6699981689453,136.6699981689453,139.22999572753906,137.67242431640625,66242400,0.013023854592537631
2022-06-30,137.25,138.3699951171875,133.77000427246094,136.72000122070312,135.19052124023438,98964500,-0.018027597672485407
2022-07-01,136.0399932861328,139.0399932861328,135.66000366210938,138.92999267578125,137.37579345703125,71051600,0.01616438931331321
2022-07-05,137.77000427246094,141.61000061035156,136.92999267578125,141.55999755859375,139.9763641357422,73353800,0.018930341461680822
2022-07-06,141.35000610351562,144.1199951171875,141.0800018310547,142.9199981689453,141.32115173339844,74064300,0.009607247666128416
2022-07-07,143.2899932861328,146.5500030517578,143.27999877929688,146.35000610351562,144.71278381347656,66253700,0.023999465320495128
2022-07-08,145.25999450683594,147.5500030517578,145.0,147.0399932861328,145.39501953125,64547800,0.004714412229487541
2022-07-11,145.6699981689453,146.63999938964844,143.77999877929688,144.8699951171875,143.2493133544922,63141600,-0.014757769445442603
2022-07-12,145.75999450683594,148.4499969482422,145.0500030517578,145.86000061035156,144.22825622558594,77588800,0.0068338398849507875
2022-07-13,142.99000549316406,146.4499969482422,142.1199951171875,145.49000549316406,143.8623809814453,71185600,-0.002536779225621122
2022-07-14,144.0800018310547,148.9499969482422,143.25,148.47000122070312,146.8090362548828,78140700,0.02048245867568088
2022-07-15,149.77999877929688,150.86000061035156,148.1999969482422,150.1699981689453,148.49002075195312,76259900,0.01145014326060867
2022-07-18,150.74000549316406,151.57000732421875,146.6999969482422,147.07000732421875,145.4247283935547,81420900,-0.02064308660525338
2022-07-19,147.9199981689453,151.22999572753906,146.91000366210938,151.0,149.31072998046875,82982400,0.026721738660550276
2022-07-20,151.1199951171875,153.72000122070312,150.3699951171875,153.0399932861328,151.3279266357422,64823400,0.013510058222455212
2022-07-21,154.5,155.57000732421875,151.94000244140625,155.35000610351562,153.61209106445312,65086600,0.015094136815930081
2022-07-22,155.38999938964844,156.27999877929688,153.41000366210938,154.08999633789062,152.36618041992188,66675400,-0.008110758963683962
2022-07-25,154.00999450683594,155.0399932861328,152.27999877929688,152.9499969482422,151.23892211914062,53623900,-0.007398349802262727
2022-07-26,152.25999450683594,153.08999633789062,150.8000030517578,151.60000610351562,149.90403747558594,55138700,-0.008826330053470666
2022-07-27,152.5800018310547,157.3300018310547,152.16000366210938,156.7899932861328,155.03594970703125,78620700,0.034234649832437736
2022-07-28,156.97999572753906,157.63999938964844,154.41000366210938,157.35000610351562,155.5897216796875,81378700,0.0035718939620308365
2022-07-29,161.24000549316406,163.6300048828125,159.5,162.50999450683594,160.6919708251953,101786900,0.03279297045091334
2022-08-01,161.00999450683594,163.58999633789062,160.88999938964844,161.50999450683594,159.70318603515625,67829400,-0.0061532930672353325
2022-08-02,160.10000610351562,162.41000366210938,159.6300048828125,160.00999450683594,158.2199249267578,59907000,-0.009287611256997175
2022-08-03,160.83999633789062,166.58999633789062,160.75,166.1300048828125,164.271484375,82507500,0.03824777094947773
2022-08-04,166.00999450683594,167.19000244140625,164.42999267578125,165.80999755859375,163.95506286621094,55474100,-0.0019262108088505814
2022-08-05,163.2100067138672,165.85000610351562,163.0,165.35000610351562,163.72732543945312,56697000,-0.0013890234481117592
2022-08-08,166.3699951171875,167.80999755859375,164.1999969482422,164.8699951171875,163.2520294189453,60276900,-0.002902973094027428
2022-08-09,164.02000427246094,165.82000732421875,163.25,164.9199981689453,163.3015594482422,63135500,0.00030339610155638574
2022-08-10,167.67999267578125,169.33999633789062,166.89999389648438,169.24000549316406,167.57916259765625,70170500,0.02619450275837587
2022-08-11,170.05999755859375,170.99000549316406,168.19000244140625,168.49000549316406,166.8365020751953,57149200,-0.004431699687174162
2022-08-12,169.82000732421875,172.1699981689453,169.39999389648438,172.10000610351562,170.41107177734375,68039400,0.021425585274722048
2022-08-15,171.52000427246094,173.38999938964844,171.35000610351562,173.19000244140625,171.49038696289062,54091700,0.006333597777948841
2022-08-16,172.77999877929688,173.7100067138672,171.66000366210938,173.02999877929688,171.3319549560547,56377100,-0.0009238535736130205
2022-08-17,172.77000427246094,176.14999389648438,172.57000732421875,174.5500030517578,172.83702087402344,79542000,0.00878450209918391
2022-08-18,173.75,174.89999389648438,173.1199951171875,174.14999389648438,172.44094848632812,62290100,-0.0022915946230293027
2022-08-19,173.02999877929688,173.74000549316406,171.30999755859375,171.52000427246094,169.83676147460938,70346300,-0.015101906099323159
2022-08-22,169.69000244140625,169.86000061035156,167.13999938964844,167.57000732421875,165.92552185058594,69026800,-0.02302940535408271
2022-08-23,167.0800018310547,168.7100067138672,166.64999389648438,167.22999572753906,165.5888671875,54147100,-0.0020289504551872506
2022-08-24,167.32000732421875,168.11000061035156,166.25,167.52999877929688,165.8859405517578,53841500,0.0017940418900350696
2022-08-25,168.77999877929688,170.13999938964844,168.35000610351562,170.02999877929688,168.3613739013672,51218200,0.014922502421698791
2022-08-26,170.57000732421875,171.0500030517578,163.55999755859375,163.6199951171875,162.01429748535156,78961000,-0.037699124620674596
2022-08-29,161.14999389648438,162.89999389648438,159.82000732421875,161.3800048828125,159.79627990722656,73314000,-0.013690258283072465
2022-08-30,162.1300048828125,162.55999755859375,157.72000122070312,158.91000366210938,157.35052490234375,77906200,-0.015305456461832234
2022-08-31,160.30999755859375,160.5800018310547,157.13999938964844,157.22000122070312,155.67710876464844,87991100,-0.010634957453963922
2022-09-01,156.63999938964844,158.4199981689453,154.6699981689453,157.9600067138672,156.4098358154297,74229900,0.004706710296688454
2022-09-02,159.75,160.36000061035156,154.97000122070312,155.80999755859375,154.28094482421875,76957800,-0.013610979003412016
2022-09-06,156.47000122070312,157.08999633789062,153.69000244140625,154.52999877929688,153.01348876953125,73714800,-0.008215246906425056
2022-09-07,154.82000732421875,156.6699981689453,153.61000061035156,155.9600067138672,154.4294891357422,87449600,0.009254088496365886
2022-09-08,154.63999938964844,156.36000061035156,152.67999267578125,154.4600067138672,152.94419860839844,84923800,-0.009617920357414378
2022-09-09,155.47000122070312,157.82000732421875,154.75,157.3699951171875,155.82562255859375,68028800,0.018839707399252115
2022-09-12,159.58999633789062,164.25999450683594,159.3000030517578,163.42999267578125,161.82615661621094,104956000,0.038508006315590704
2022-09-13,159.89999389648438,160.5399932861328,153.3699951171875,153.83999633789062,152.33026123046875,122656600,-0.05867960769940783
2022-09-14,154.7899932861328,157.10000610351562,153.61000061035156,155.30999755859375,153.7858428955078,87965400,0.009555433393741986
2022-09-15,154.64999389648438,155.24000549316406,151.3800048828125,152.3699951171875,150.8746795654297,90481100,-0.018929982599608763
2022-09-16,151.2100067138672,151.35000610351562,148.3699951171875,150.6999969482422,149.2210693359375,162278800,-0.01096015735877709
2022-09-19,149.30999755859375,154.55999755859375,149.10000610351562,154.47999572753906,152.96400451660156,81474200,0.025083154793896334
2022-09-20,153.39999389648438,158.0800018310547,153.0800018310547,156.89999389648438,155.36021423339844,107689800,0.015665186880857274
2022-09-21,157.33999633789062,158.74000549316406,153.60000610351562,153.72000122070312,152.21144104003906,101696800,-0.020267564697284413
2022-09-22,152.3800048828125,154.47000122070312,150.91000366210938,152.74000549316406,151.24105834960938,86652500,-0.006375228325802618
2022-09-23,151.19000244140625,151.47000122070312,148.55999755859375,150.42999267578125,148.95375061035156,96029900,-0.015123589878420884
2022-09-26,149.66000366210938,153.77000427246094,149.63999938964844,150.77000427246094,149.2904052734375,93339400,0.0022601288098249572
2022-09-27,152.74000549316406,154.72000122070312,149.9499969482422,151.75999450683594,150.27066040039062,84442700,0.0065660959601370195
2022-09-28,147.63999938964844,150.63999938964844,144.83999633789062,149.83999633789062,148.36952209472656,146691400,-0.012651427102260304
2022-09-29,146.10000610351562,146.72000122070312,140.67999267578125,142.47999572753906,141.08175659179688,128138200,-0.04911901986364031
2022-09-30,141.27999877929688,143.10000610351562,138.0,138.1999969482422,136.84375,124925300,-0.03003936649342298
2022-10-03,138.2100067138672,143.07000732421875,137.69000244140625,142.4499969482422,141.0520477294922,114311700,0.03075257532398945
2022-10-04,145.02999877929688,146.22000122070312,144.25999450683594,146.10000610351562,144.66624450683594,87830100,0.025623142914415586
2022-10-05,144.07000732421875,147.3800048828125,143.00999450683594,146.39999389648438,144.96327209472656,79471000,0.0020531920829436334
2022-10-06,145.80999755859375,147.5399932861328,145.22000122070312,145.42999267578125,144.0028076171875,68402200,-0.006625571178549561
2022-10-07,142.5399932861328,143.10000610351562,139.4499969482422,140.08999633789062,138.71519470214844,85925600,-0.03671881821287459
2022-10-10,140.4199981689453,141.88999938964844,138.57000732421875,140.4199981689453,139.04197692871094,74899000,0.00235577816304966
2022-10-11,139.89999389648438,141.35000610351562,138.22000122070312,138.97999572753906,137.61611938476562,77033700,-0.010254871050030978
2022-10-12,139.1300048828125,140.36000061035156,138.16000366210938,138.33999633789062,136.98239135742188,70433700,-0.004605042128617898
2022-10-13,134.99000549316406,143.58999633789062,134.3699951171875,142.99000549316406,141.58676147460938,113224000,0.033612861270420735
2022-10-14,144.30999755859375,144.52000427246094,138.19000244140625,138.3800048828125,137.02197265625,88598000,-0.03224022338541854
2022-10-17,141.07000732421875,142.89999389648438,140.27000427246094,142.41000366210938,141.01246643066406,85250900,0.0291230209072022
2022-10-18,145.49000549316406,146.6999969482422,140.61000061035156,143.75,142.33929443359375,99136600,0.009409295763095349
2022-10-19,141.69000244140625,144.9499969482422,141.5,143.86000061035156,142.44821166992188,61758300,0.000765194437428729
2022-10-20,143.02000427246094,145.88999938964844,142.64999389648438,143.38999938964844,141.9828338623047,64522000,-0.003266996490595142
2022-10-21,142.8699951171875,147.85000610351562,142.64999389648438,147.27000427246094,145.8247528076172,86548600,0.02705903834148282
2022-10-24,147.19000244140625,150.22999572753906,146.0,149.4499969482422,147.9833526611328,75981900,0.014802698526521052
2022-10-25,150.08999633789062,152.49000549316406,149.36000061035156,152.33999633789062,150.84498596191406,74732300,0.01933753526543014
2022-10-26,150.9600067138672,151.99000549316406,148.0399932861328,149.35000610351562,147.8843536376953,88194300,-0.019626985314356138
2022-10-27,148.07000732421875,149.0500030517578,144.1300048828125,144.8000030517578,143.3789825439453,109180200,-0.030465502150334278
2022-10-28,148.1999969482422,157.5,147.82000732421875,155.74000549316406,154.21163940429688,164762400,0.07555261355709075
2022-10-31,153.16000366210938,154.24000549316406,151.9199981689453,153.33999633789062,151.83517456054688,97943200,-0.015410411645515376
2022-11-01,155.0800018310547,155.4499969482422,149.1300048828125,150.64999389648438,149.17156982421875,80379300,-0.01754273832817288
2022-11-02,148.9499969482422,152.1699981689453,145.0,145.02999877929688,143.6067352294922,93604600,-0.03730492748238867
2022-11-03,142.05999755859375,142.8000030517578,138.75,138.8800048828125,137.51707458496094,97918500,-0.042405118637364736
2022-11-04,142.08999633789062,142.6699981689453,134.3800048828125,138.3800048828125,137.24928283691406,140814800,-0.0019473345317669866
2022-11-07,137.11000061035156,139.14999389648438,135.6699981689453,138.9199981689453,137.78488159179688,83374600,0.003902379260656952
2022-11-08,140.41000366210938,141.42999267578125,137.49000549316406,139.5,138.36013793945312,89908500,0.004175032420178804
2022-11-09,138.5,138.5500030517578,134.58999633789062,134.8699951171875,133.76797485351562,74917800,-0.03318992850344693
2022-11-10,141.24000549316406,146.8699951171875,139.5,146.8699951171875,145.669921875,118854000,0.08897456236829293
2022-11-11,145.82000732421875,150.00999450683594,144.3699951171875,149.6999969482422,148.47679138183594,93979700,0.01926869645227458
2022-11-14,148.97000122070312,150.27999877929688,147.42999267578125,148.27999877929688,147.06837463378906,73374100,-0.009485770368143687
2022-11-15,152.22000122070312,153.58999633789062,148.55999755859375,150.0399932861328,148.81399536132812,89868300,0.011869450056042119
2022-11-16,149.1300048828125,149.8699951171875,147.2899932861328,148.7899932861328,147.57421875,64218300,-0.008331048489880866
2022-11-17,146.42999267578125,151.47999572753906,146.14999389648438,150.72000122070312,149.4884490966797,80389400,0.01297130598348284
2022-11-18,152.30999755859375,152.6999969482422,149.97000122070312,151.2899932861328,150.05381774902344,74829600,0.0037820223285487398
2022-11-21,150.16000366210938,150.3699951171875,147.72000122070312,148.00999450683594,146.80059814453125,58724100,-0.021680352111623336
2022-11-22,148.1300048828125,150.4199981689453,146.92999267578125,150.17999267578125,148.95286560058594,51804100,0.014661162714989073
2022-11-23,149.4499969482422,151.8300018310547,149.33999633789062,151.07000732421875,149.8356170654297,58301400,0.005926381216530885
2022-11-25,148.30999755859375,148.8800048828125,147.1199951171875,148.11000061035156,146.89979553222656,35195900,-0.01959361592858877
2022-11-28,145.13999938964844,146.63999938964844,143.3800048828125,144.22000122070312,143.04156494140625,69246000,-0.026264370054714603
2022-11-29,144.2899932861328,144.80999755859375,140.35000610351562,141.1699981689453,140.01651000976562,83763800,-0.021148083306273713
2022-11-30,141.39999389648438,148.72000122070312,140.5500030517578,148.02999877929688,146.82044982910156,111380900,0.04859383953264795
2022-12-01,148.2100067138672,149.1300048828125,146.61000061035156,148.30999755859375,147.09814453125,71250400,0.0018913898061998502
2022-12-02,145.9600067138672,148.0,145.64999389648438,147.80999755859375,146.60223388671875,65447400,-0.003371290957554507
2022-12-05,147.77000427246094,150.9199981689453,145.77000427246094,146.6300048828125,145.431884765625,68826400,-0.007983160215676466
2022-12-06,147.07000732421875,147.3000030517578,141.9199981689453,142.91000366210938,141.74227905273438,64727200,-0.025369991723869334
2022-12-07,142.19000244140625,143.3699951171875,140.0,140.94000244140625,139.7883758544922,69721100,-0.013784900393165378
2022-12-08,142.36000061035156,143.52000427246094,141.10000610351562,142.64999389648438,141.48439025878906,62128300,0.012132728447051155
2022-12-09,142.33999633789062,145.57000732421875,140.89999389648438,142.16000366210938,140.9984130859375,76097000,-0.0034348465718562204
2022-12-12,142.6999969482422,144.5,141.05999755859375,144.49000549316406,143.30935668945312,70462700,0.01638985540998328
2022-12-13,149.5,149.97000122070312,144.24000549316406,145.47000122070312,144.2813720703125,93886200,0.006782637249329815
2022-12-14,145.35000610351562,146.66000366210938,141.16000366210938,143.2100067138672,142.0398406982422,82291200,-0.015535833489148887
2022-12-15,141.11000061035156,141.8000030517578,136.02999877929688,136.5,135.3846435546875,98931900,-0.046854439647629476
2022-12-16,136.69000244140625,137.64999389648438,133.72999572753906,134.50999450683594,133.410888671875,160156900,-0.014578868260012201
2022-12-19,135.11000061035156,135.1999969482422,131.32000732421875,132.3699951171875,131.2883758544922,79592600,-0.015909592076874257
2022-12-20,131.38999938964844,133.25,129.88999938964844,132.3000030517578,131.21897888183594,77432800,-0.0005285842878669511
2022-12-21,132.97999572753906,136.80999755859375,132.75,135.4499969482422,134.34324645996094,85928000,0.023809570877231456
2022-12-22,134.35000610351562,134.55999755859375,130.3000030517578,132.22999572753906,131.14952087402344,77852100,-0.02377287783416293
2022-12-23,130.9199981689453,132.4199981689453,129.63999938964844,131.86000061035156,130.78256225585938,63814900,-0.002798017222773952
2022-12-27,131.3800048828125,131.41000366210938,128.72000122070312,130.02999877929688,128.96751403808594,69007800,-0.013878365635798806
2022-12-28,129.6699981689453,131.02999877929688,125.87000274658205,126.04000091552734,125.01012420654295,85438400,-0.030685167974737526
2022-12-29,127.98999786376952,130.47999572753906,127.7300033569336,129.61000061035156,128.5509490966797,75703700,0.02832430503217931
2022-12-30,128.41000366210938,129.9499969482422,127.43000030517578,129.92999267578125,128.86831665039062,77034200,0.0024688075501664297
